datetime,Strategy,Benchmark Buy & Hold
2017-01-02 00:00:00+00:00,10000.0,10225.4
2017-01-03 00:00:00+00:00,10000.0,10225.4
2017-01-04 00:00:00+00:00,10000.0,10311.0
2017-01-05 00:00:00+00:00,10000.0,11369.9
2017-01-06 00:00:00+00:00,10000.0,10087.4
2017-01-07 00:00:00+00:00,10000.0,9024.199999999999
2017-01-08 00:00:00+00:00,10000.0,9160.0
2017-01-09 00:00:00+00:00,10000.0,9270.800000000001
2017-01-10 00:00:00+00:00,10000.0,9103.300000000001
2017-01-11 00:00:00+00:00,10000.0,9131.6
2017-01-12 00:00:00+00:00,10000.0,8085.299999999999
2017-01-13 00:00:00+00:00,10000.0,8192.3
2017-01-14 00:00:00+00:00,10000.0,8380.3
2017-01-15 00:00:00+00:00,10000.0,8349.9
2017-01-16 00:00:00+00:00,10000.0,8413.0
2017-01-17 00:00:00+00:00,10000.0,8413.9
2017-01-18 00:00:00+00:00,10000.0,9141.4
2017-01-19 00:00:00+00:00,10000.0,8909.9
2017-01-20 00:00:00+00:00,10000.0,9099.0
2017-01-21 00:00:00+00:00,10000.0,9010.7
2017-01-22 00:00:00+00:00,10000.0,9318.8
2017-01-23 00:00:00+00:00,10000.0,9321.5
2017-01-24 00:00:00+00:00,10000.0,9269.5
2017-01-25 00:00:00+00:00,10000.0,8923.7
2017-01-26 00:00:00+00:00,9862.025679999999,9043.300000000001
2017-01-27 00:00:00+00:00,9643.67568,9241.8
2017-01-28 00:00:00+00:00,9686.652479999999,9302.7
2017-01-29 00:00:00+00:00,9700.35248,9316.4
2017-01-30 00:00:00+00:00,9614.65248,9230.7
2017-01-31 00:00:00+00:00,9687.55248,9303.6
2017-02-01 00:00:00+00:00,10156.95248,9773.0
2017-02-02 00:00:00+00:00,10356.45248,9972.5
2017-02-03 00:00:00+00:00,10538.65248,10154.7
2017-02-04 00:00:00+00:00,10633.85248,10249.9
2017-02-05 00:00:00+00:00,10809.552479999998,10425.599999999999
2017-02-06 00:00:00+00:00,10638.052479999998,10254.1
2017-02-07 00:00:00+00:00,10674.052479999998,10290.1
2017-02-08 00:00:00+00:00,10992.652479999999,10608.699999999999
2017-02-09 00:00:00+00:00,11013.85248,10629.9
2017-02-10 00:00:00+00:00,10353.85248,9969.9
2017-02-11 00:00:00+00:00,10468.95248,10085.0
2017-02-12 00:00:00+00:00,10637.75248,10253.8
2017-02-13 00:00:00+00:00,10553.85248,10169.9
2017-02-14 00:00:00+00:00,10481.75248,10097.8
2017-02-15 00:00:00+00:00,10582.85248,10198.9
2017-02-16 00:00:00+00:00,10593.85248,10209.9
2017-02-17 00:00:00+00:00,10848.75248,10464.8
2017-02-18 00:00:00+00:00,11026.95248,10643.0
2017-02-19 00:00:00+00:00,11083.35248,10699.400000000001
2017-02-20 00:00:00+00:00,11050.152479999999,10666.199999999999
2017-02-21 00:00:00+00:00,11369.952479999998,10986.0
2017-02-22 00:00:00+00:00,11766.25248,11382.3
2017-02-23 00:00:00+00:00,11744.852479999998,11360.9
2017-02-24 00:00:00+00:00,12228.35248,11844.400000000001
2017-02-25 00:00:00+00:00,12319.35248,11935.4
2017-02-26 00:00:00+00:00,12025.052479999998,11641.099999999999
2017-02-27 00:00:00+00:00,12301.95248,11918.0
2017-02-28 00:00:00+00:00,12398.95248,12015.0
2017-03-01 00:00:00+00:00,12432.152479999999,12048.199999999999
2017-03-02 00:00:00+00:00,12743.25248,12359.300000000001
2017-03-03 00:00:00+00:00,13146.75248,12762.8
2017-03-04 00:00:00+00:00,13393.05248,13009.1
2017-03-05 00:00:00+00:00,13193.75248,12809.8
2017-03-06 00:00:00+00:00,13243.25248,12859.300000000001
2017-03-07 00:00:00+00:00,13303.85248,12919.9
2017-03-08 00:00:00+00:00,12834.052479999998,12450.1
2017-03-09 00:00:00+00:00,11959.952479999998,11576.0
2017-03-10 00:00:00+00:00,11472.740679999997,12040.0
2017-03-11 00:00:00+00:00,10695.104679999997,11199.9
2017-03-12 00:00:00+00:00,10003.401039999997,11946.0
2017-03-13 00:00:00+00:00,10375.24512,12440.3
2017-03-14 00:00:00+00:00,10443.00512,12525.0
2017-03-15 00:00:00+00:00,10465.56512,12553.199999999999
2017-03-16 00:00:00+00:00,10575.08512,12690.1
2017-03-17 00:00:00+00:00,9918.12512,11868.900000000001
2017-03-18 00:00:00+00:00,10713.015839999998,10840.5
2017-03-19 00:00:00+00:00,11578.935839999998,9758.099999999999
2017-03-20 00:00:00+00:00,11580.935839999998,10230.7
2017-03-21 00:00:00+00:00,11580.935839999998,10526.7
2017-03-22 00:00:00+00:00,11580.935839999998,11208.3
2017-03-23 00:00:00+00:00,11580.935839999998,10437.1
2017-03-24 00:00:00+00:00,11580.935839999998,10306.3
2017-03-25 00:00:00+00:00,11580.935839999998,9397.5
2017-03-26 00:00:00+00:00,11580.935839999998,9706.6
2017-03-27 00:00:00+00:00,11580.935839999998,9799.7
2017-03-28 00:00:00+00:00,11580.935839999998,10500.4
2017-03-29 00:00:00+00:00,11580.935839999998,10537.4
2017-03-30 00:00:00+00:00,11580.935839999998,10485.0
2017-03-31 00:00:00+00:00,11580.935839999998,10489.300000000001
2017-04-01 00:00:00+00:00,11580.935839999998,10956.800000000001
2017-04-02 00:00:00+00:00,11592.362239999999,10990.0
2017-04-03 00:00:00+00:00,11797.06224,11194.7
2017-04-04 00:00:00+00:00,12195.862239999999,11593.5
2017-04-05 00:00:00+00:00,12112.262239999998,11509.9
2017-04-06 00:00:00+00:00,11992.362239999999,11390.0
2017-04-07 00:00:00+00:00,12607.162239999998,12004.8
2017-04-08 00:00:00+00:00,12602.362239999999,12000.0
2017-04-09 00:00:00+00:00,12502.362239999999,11900.0
2017-04-10 00:00:00+00:00,12779.662239999998,12177.3
2017-04-11 00:00:00+00:00,12772.362239999999,12170.0
2017-04-12 00:00:00+00:00,12905.962239999997,12303.599999999999
2017-04-13 00:00:00+00:00,12811.56224,12209.2
2017-04-14 00:00:00+00:00,12405.06224,11802.7
2017-04-15 00:00:00+00:00,12402.162239999998,11799.8
2017-04-16 00:00:00+00:00,12449.962239999999,11847.6
2017-04-17 00:00:00+00:00,12460.762239999998,11858.4
2017-04-18 00:00:00+00:00,12605.562239999997,12003.199999999999
2017-04-19 00:00:00+00:00,12680.962239999997,12078.599999999999
2017-04-20 00:00:00+00:00,12813.262239999998,12210.9
2017-04-21 00:00:00+00:00,13033.66224,12431.300000000001
2017-04-22 00:00:00+00:00,13172.362239999999,12570.0
2017-04-23 00:00:00+00:00,13129.462239999999,12527.1
2017-04-24 00:00:00+00:00,13186.962239999999,12584.6
2017-04-25 00:00:00+00:00,13250.762239999998,12648.4
2017-04-26 00:00:00+00:00,13479.962239999999,12877.6
2017-04-27 00:00:00+00:00,13639.862239999999,13037.5
2017-04-28 00:00:00+00:00,14176.76224,13574.400000000001
2017-04-29 00:00:00+00:00,14193.462239999997,13591.099999999999
2017-04-30 00:00:00+00:00,14331.56224,13729.2
2017-05-01 00:00:00+00:00,14580.862239999999,13978.5
2017-05-02 00:00:00+00:00,15092.462239999999,14490.1
2017-05-03 00:00:00+00:00,15373.262239999998,14770.9
2017-05-04 00:00:00+00:00,16002.162239999998,15399.8
2017-05-05 00:00:00+00:00,16271.16224,15668.800000000001
2017-05-06 00:00:00+00:00,16194.962239999999,15592.6
2017-05-07 00:00:00+00:00,16529.46224,15927.1
2017-05-08 00:00:00+00:00,16793.36224,16191.0
2017-05-09 00:00:00+00:00,17750.86224,17148.5
2017-05-10 00:00:00+00:00,17867.06224,17264.7
2017-05-11 00:00:00+00:00,18622.06224,18019.7
2017-05-12 00:00:00+00:00,19010.762239999996,18408.4
2017-05-13 00:00:00+00:00,17648.06224,17045.699999999997
2017-05-14 00:00:00+00:00,18533.662239999998,17931.300000000003
2017-05-15 00:00:00+00:00,18672.262239999996,18069.9
2017-05-16 00:00:00+00:00,18161.86224,17559.5
2017-05-17 00:00:00+00:00,18437.162239999998,17834.8
2017-05-18 00:00:00+00:00,18789.662239999998,18187.3
2017-05-19 00:00:00+00:00,19672.262239999996,19069.9
2017-05-20 00:00:00+00:00,20432.46224,19830.1
2017-05-21 00:00:00+00:00,21262.36224,20660.0
2017-05-22 00:00:00+00:00,21229.562239999996,20627.199999999997
2017-05-23 00:00:00+00:00,21966.862239999995,21364.5
2017-05-24 00:00:00+00:00,23332.36224,22730.0
2017-05-25 00:00:00+00:00,25052.66224,24450.300000000003
2017-05-26 00:00:00+00:00,24436.862239999995,23834.5
2017-05-27 00:00:00+00:00,23372.062239999996,22769.699999999997
2017-05-28 00:00:00+00:00,21577.56224,20975.2
2017-05-29 00:00:00+00:00,23110.362240000002,22508.0
2017-05-30 00:00:00+00:00,23566.56224,22964.2
2017-05-31 00:00:00+00:00,22438.86224,21836.5
2017-06-01 00:00:00+00:00,23657.862240000002,23055.5
2017-06-02 00:00:00+00:00,24844.562239999996,24242.199999999997
2017-06-03 00:00:00+00:00,25444.662239999998,24842.3
2017-06-04 00:00:00+00:00,26172.062239999996,25569.699999999997
2017-06-05 00:00:00+00:00,25852.36224,25250.0
2017-06-06 00:00:00+00:00,27584.26224,26981.9
2017-06-07 00:00:00+00:00,29431.96224,28829.6
2017-06-08 00:00:00+00:00,27672.36224,27070.0
2017-06-09 00:00:00+00:00,28652.862240000002,28050.5
2017-06-10 00:00:00+00:00,28729.86224,28127.5
2017-06-11 00:00:00+00:00,30052.062239999996,29449.699999999997
2017-06-12 00:00:00+00:00,30661.96224,30059.6
2017-06-13 00:00:00+00:00,27243.662239999998,26641.300000000003
2017-06-14 00:00:00+00:00,27759.06224,27156.7
2017-06-15 00:00:00+00:00,25059.06224,24456.7
2017-06-16 00:00:00+00:00,25323.389839999996,24142.600000000002
2017-06-17 00:00:00+00:00,24529.58984,24936.399999999998
2017-06-18 00:00:00+00:00,22890.58984,26575.4
2017-06-19 00:00:00+00:00,21699.98152,25196.0
2017-06-20 00:00:00+00:00,21012.9756,26009.899999999998
2017-06-21 00:00:00+00:00,22012.99176,27311.8
2017-06-22 00:00:00+00:00,21365.631760000004,26502.600000000002
2017-06-23 00:00:00+00:00,21659.551760000002,26870.0
2017-06-24 00:00:00+00:00,21740.271760000003,26970.9
2017-06-25 00:00:00+00:00,20815.711760000002,25815.2
2017-06-26 00:00:00+00:00,21337.627600000003,25126.100000000002
2017-06-27 00:00:00+00:00,21909.147600000004,24411.7
2017-06-28 00:00:00+00:00,20876.987600000004,25701.9
2017-06-29 00:00:00+00:00,20948.347600000005,25612.7
2017-06-30 00:00:00+00:00,21098.987600000004,25424.4
2017-07-01 00:00:00+00:00,21710.507600000004,24660.0
2017-07-02 00:00:00+00:00,21965.707600000005,24341.0
2017-07-03 00:00:00+00:00,21279.867600000005,25198.3
2017-07-04 00:00:00+00:00,20982.507600000004,25570.0
2017-07-05 00:00:00+00:00,20566.507600000004,26090.0
2017-07-06 00:00:00+00:00,20608.88720000001,26236.9
2017-07-07 00:00:00+00:00,20494.577200000007,26073.600000000002
2017-07-08 00:00:00+00:00,19792.057200000007,25070.0
2017-07-09 00:00:00+00:00,19337.057480000007,25669.6
2017-07-10 00:00:00+00:00,19723.177480000006,25118.0
2017-07-11 00:00:00+00:00,20821.757480000007,23548.600000000002
2017-07-12 00:00:00+00:00,21058.287480000006,23210.7
2017-07-13 00:00:00+00:00,20568.777480000008,23910.0
2017-07-14 00:00:00+00:00,20877.897480000007,23468.4
2017-07-15 00:00:00+00:00,21696.897480000007,22298.4
2017-07-16 00:00:00+00:00,23466.427480000006,19770.5
2017-07-17 00:00:00+00:00,23466.427480000006,19180.8
2017-07-18 00:00:00+00:00,23466.427480000006,22317.3
2017-07-19 00:00:00+00:00,23466.427480000006,23120.0
2017-07-20 00:00:00+00:00,23466.427480000006,22650.7
2017-07-21 00:00:00+00:00,23466.427480000006,28237.3
2017-07-22 00:00:00+00:00,22235.281400000003,26753.699999999997
2017-07-23 00:00:00+00:00,23503.841400000005,28339.4
2017-07-24 00:00:00+00:00,22971.841400000005,27674.4
2017-07-25 00:00:00+00:00,22991.201400000005,27698.600000000002
2017-07-26 00:00:00+00:00,21376.881400000006,25680.7
2017-07-27 00:00:00+00:00,21053.601400000003,25276.6
2017-07-28 00:00:00+00:00,22160.321400000004,26660.0
2017-07-29 00:00:00+00:00,23207.521400000005,27969.0
2017-07-30 00:00:00+00:00,22617.681400000005,27231.7
2017-07-31 00:00:00+00:00,22679.841400000005,27309.4
2017-08-01 00:00:00+00:00,23805.601400000003,28716.6
2017-08-02 00:00:00+00:00,22760.001400000005,27409.6
2017-08-03 00:00:00+00:00,22459.681400000005,27034.2
2017-08-04 00:00:00+00:00,23185.921400000003,27942.0
2017-08-05 00:00:00+00:00,23747.041400000006,28643.4
2017-08-06 00:00:00+00:00,26820.241400000003,32484.899999999998
2017-08-07 00:00:00+00:00,26712.161400000005,32349.8
2017-08-08 00:00:00+00:00,28050.401400000006,34022.600000000006
2017-08-09 00:00:00+00:00,28272.321400000004,34300.0
2017-08-10 00:00:00+00:00,27630.481400000004,33497.7
2017-08-11 00:00:00+00:00,28384.721400000006,34440.5
2017-08-12 00:00:00+00:00,30137.601400000003,36631.6
2017-08-13 00:00:00+00:00,31943.201400000005,38888.600000000006
2017-08-14 00:00:00+00:00,33371.92140000001,40674.5
2017-08-15 00:00:00+00:00,33371.92140000001,43270.0
2017-08-16 00:00:00+00:00,33371.92140000001,41620.0
2017-08-17 00:00:00+00:00,33371.92140000001,43848.2
2017-08-18 00:00:00+00:00,33371.92140000001,42899.399999999994
2017-08-19 00:00:00+00:00,33371.92140000001,41130.299999999996
2017-08-20 00:00:00+00:00,33371.92140000001,41824.700000000004
2017-08-21 00:00:00+00:00,33371.92140000001,40570.0
2017-08-22 00:00:00+00:00,33371.92140000001,39995.8
2017-08-23 00:00:00+00:00,33371.92140000001,41057.5
2017-08-24 00:00:00+00:00,33371.92140000001,41470.100000000006
2017-08-25 00:00:00+00:00,33371.92140000001,43209.1
2017-08-26 00:00:00+00:00,33371.92140000001,43670.0
2017-08-27 00:00:00+00:00,33371.92140000001,43480.100000000006
2017-08-28 00:00:00+00:00,33371.92140000001,43599.0
2017-08-29 00:00:00+00:00,33371.92140000001,43918.100000000006
2017-08-30 00:00:00+00:00,33371.92140000001,46070.100000000006
2017-08-31 00:00:00+00:00,33371.92140000001,45975.200000000004
2017-09-01 00:00:00+00:00,33371.92140000001,47496.0
2017-09-02 00:00:00+00:00,33371.92140000001,49421.5
2017-09-03 00:00:00+00:00,33371.92140000001,46570.0
2017-09-04 00:00:00+00:00,33371.92140000001,46330.5
2017-09-05 00:00:00+00:00,33371.92140000001,44818.9
2017-09-06 00:00:00+00:00,33371.92140000001,44450.100000000006
2017-09-07 00:00:00+00:00,33371.92140000001,46270.0
2017-09-08 00:00:00+00:00,33371.92140000001,46311.8
2017-09-09 00:00:00+00:00,33371.92140000001,43569.3
2017-09-10 00:00:00+00:00,33371.79974,43420.200000000004
2017-09-11 00:00:00+00:00,33882.93974,42690.0
2017-09-12 00:00:00+00:00,34256.24974,42156.7
2017-09-13 00:00:00+00:00,34565.92974,41714.3
2017-09-14 00:00:00+00:00,36626.93974,38770.0
2017-09-15 00:00:00+00:00,41080.19974,32408.2
2017-09-16 00:00:00+00:00,41079.569740000006,37512.0
2017-09-17 00:00:00+00:00,41079.569740000006,37270.0
2017-09-18 00:00:00+00:00,41079.569740000006,37293.4
2017-09-19 00:00:00+00:00,41079.569740000006,40969.7
2017-09-20 00:00:00+00:00,41079.569740000006,39274.1
2017-09-21 00:00:00+00:00,41079.569740000006,38820.0
2017-09-22 00:00:00+00:00,41079.569740000006,36260.0
2017-09-23 00:00:00+00:00,41079.569740000006,36282.9
2017-09-24 00:00:00+00:00,41079.569740000006,37916.100000000006
2017-09-25 00:00:00+00:00,41079.569740000006,36760.6
2017-09-26 00:00:00+00:00,41079.569740000006,39262.2
2017-09-27 00:00:00+00:00,41079.569740000006,39011.2
2017-09-28 00:00:00+00:00,41079.569740000006,42070.100000000006
2017-09-29 00:00:00+00:00,40908.65956000001,41964.2
2017-09-30 00:00:00+00:00,40612.469560000005,41635.100000000006
2017-10-01 00:00:00+00:00,42254.69956,43459.799999999996
2017-10-02 00:00:00+00:00,42758.51956,44019.6
2017-10-03 00:00:00+00:00,42749.789560000005,44009.899999999994
2017-10-04 00:00:00+00:00,41958.77956000001,43131.0
2017-10-05 00:00:00+00:00,41137.61956,42218.6
2017-10-06 00:00:00+00:00,42105.56956,43294.1
2017-10-07 00:00:00+00:00,42511.37956,43745.0
2017-10-08 00:00:00+00:00,43129.679560000004,44432.0
2017-10-09 00:00:00+00:00,44603.969560000005,46070.100000000006
2017-10-10 00:00:00+00:00,46196.969560000005,47840.100000000006
2017-10-11 00:00:00+00:00,45908.789560000005,47519.899999999994
2017-10-12 00:00:00+00:00,46538.789560000005,48219.899999999994
2017-10-13 00:00:00+00:00,51893.87956,54170.0
2017-10-14 00:00:00+00:00,53716.37956,56195.0
2017-10-15 00:00:00+00:00,55407.11956,58073.6
2017-10-16 00:00:00+00:00,54447.179560000004,57007.0
2017-10-17 00:00:00+00:00,54997.88956000001,57618.9
2017-10-18 00:00:00+00:00,53558.789560000005,56019.899999999994
2017-10-19 00:00:00+00:00,53287.259560000006,55718.2
2017-10-20 00:00:00+00:00,54503.87956,57070.0
2017-10-21 00:00:00+00:00,57281.99956000001,60156.8
2017-10-22 00:00:00+00:00,57459.38956000001,60353.9
2017-10-23 00:00:00+00:00,57293.15956,60169.2
2017-10-24 00:00:00+00:00,56328.80956000001,59097.700000000004
2017-10-25 00:00:00+00:00,52838.789560000005,55219.899999999994
2017-10-26 00:00:00+00:00,54981.59956,57600.8
2017-10-27 00:00:00+00:00,56266.34956,59028.3
2017-10-28 00:00:00+00:00,55210.37956,57855.0
2017-10-29 00:00:00+00:00,55133.969560000005,57770.100000000006
2017-10-30 00:00:00+00:00,58767.179560000004,61807.0
2017-10-31 00:00:00+00:00,58499.789560000005,61509.899999999994
2017-11-01 00:00:00+00:00,61451.87956,64790.0
2017-11-02 00:00:00+00:00,64105.61956,67738.6
2017-11-03 00:00:00+00:00,66563.78956,70469.9
2017-11-04 00:00:00+00:00,68002.97956,72069.0
2017-11-05 00:00:00+00:00,69787.22956,74051.5
2017-11-06 00:00:00+00:00,69723.41956000001,73980.6
2017-11-07 00:00:00+00:00,65843.96956,69670.1
2017-11-08 00:00:00+00:00,67402.94956000001,71402.29999999999
2017-11-09 00:00:00+00:00,70514.87956,74860.0
2017-11-10 00:00:00+00:00,67373.96956,71370.1
2017-11-11 00:00:00+00:00,62649.509560000006,66120.7
2017-11-12 00:00:00+00:00,60537.929560000004,63774.5
2017-11-13 00:00:00+00:00,64297.22146,59470.100000000006
2017-11-14 00:00:00+00:00,59120.51146000001,65222.0
2017-11-15 00:00:00+00:00,59712.34786000001,66009.9
2017-11-16 00:00:00+00:00,65806.69786000001,72781.4
2017-11-17 00:00:00+00:00,70883.05786000002,78421.8
2017-11-18 00:00:00+00:00,69746.35786000002,77158.8
2017-11-19 00:00:00+00:00,70417.39786000001,77904.4
2017-11-20 00:00:00+00:00,72501.61786000001,80220.20000000001
2017-11-21 00:00:00+00:00,74715.43786,82680.0
2017-11-22 00:00:00+00:00,73302.61786000001,81110.20000000001
2017-11-23 00:00:00+00:00,74616.34786000001,82569.9
2017-11-24 00:00:00+00:00,72978.43786,80750.0
2017-11-25 00:00:00+00:00,74560.81786000001,82508.2
2017-11-26 00:00:00+00:00,79521.43786,88020.0
2017-11-27 00:00:00+00:00,84834.76786000002,93923.70000000001
2017-11-28 00:00:00+00:00,88116.43786,97570.0
2017-11-29 00:00:00+00:00,89934.34786000001,99589.9
2017-11-30 00:00:00+00:00,89034.34786000001,98589.9
2017-12-01 00:00:00+00:00,90095.53786000001,99769.0
2017-12-02 00:00:00+00:00,98259.70786000002,108840.3
2017-12-03 00:00:00+00:00,98826.52786000002,109470.1
2017-12-04 00:00:00+00:00,102066.34786000001,113069.9
2017-12-05 00:00:00+00:00,104977.84786000001,116304.9
2017-12-06 00:00:00+00:00,105816.82786,117237.09999999999
2017-12-07 00:00:00+00:00,126959.71786000002,140729.2
2017-12-08 00:00:00+00:00,126959.71786000002,173971.0
2017-12-09 00:00:00+00:00,133134.2066,164802.40000000002
2017-12-10 00:00:00+00:00,141892.9566,152289.9
2017-12-11 00:00:00+00:00,141560.5266,152764.8
2017-12-12 00:00:00+00:00,130776.81660000002,168170.09999999998
2017-12-13 00:00:00+00:00,124280.9566,177449.90000000002
2017-12-14 00:00:00+00:00,131756.8866,166770.0
2017-12-15 00:00:00+00:00,131196.8866,167570.0
2017-12-16 00:00:00+00:00,124304.2666,177416.6
2017-12-17 00:00:00+00:00,110875.81660000002,196600.09999999998
2017-12-18 00:00:00+00:00,112797.17660000002,193855.3
2017-12-19 00:00:00+00:00,115178.2266,190453.80000000002
2017-12-20 00:00:00+00:00,123916.81660000002,177970.09999999998
2017-12-21 00:00:00+00:00,133016.8866,164970.0
2017-12-22 00:00:00+00:00,138726.43660000002,156813.5
2017-12-23 00:00:00+00:00,149047.5166,142069.1
2017-12-24 00:00:00+00:00,141574.3886,149258.2
2017-12-25 00:00:00+00:00,148762.58860000002,142070.0
2017-12-26 00:00:00+00:00,149012.4886,141820.1
2017-12-27 00:00:00+00:00,133008.9886,157823.6
2017-12-28 00:00:00+00:00,136762.68860000002,154069.9
2017-12-29 00:00:00+00:00,146762.58860000002,144070.0
2017-12-30 00:00:00+00:00,144905.8886,145926.7
2017-12-31 00:00:00+00:00,161762.4886,129070.1
2018-01-01 00:00:00+00:00,161762.4886,138820.0
2018-01-02 00:00:00+00:00,161762.4886,134939.59999999998
2018-01-03 00:00:00+00:00,161762.4886,148067.6
2018-01-04 00:00:00+00:00,161762.4886,150320.0
2018-01-05 00:00:00+00:00,161762.4886,151720.0
2018-01-06 00:00:00+00:00,161762.4886,169219.90000000002
2018-01-07 00:00:00+00:00,162691.10878,170590.0
2018-01-08 00:00:00+00:00,154791.08878,161812.19999999998
2018-01-09 00:00:00+00:00,144223.10878,150070.0
2018-01-10 00:00:00+00:00,148813.01878,144670.1
2018-01-11 00:00:00+00:00,145609.28878,148229.8
2018-01-12 00:00:00+00:00,159847.10878,132410.0
2018-01-13 00:00:00+00:00,154573.19878,138269.9
2018-01-14 00:00:00+00:00,150883.10878,142370.0
2018-01-15 00:00:00+00:00,156047.12878000003,136632.2
2018-01-16 00:00:00+00:00,156643.01878,135970.1
2018-01-17 00:00:00+00:00,174823.10878,115770.0
2018-01-18 00:00:00+00:00,173932.10878,111123.5
2018-01-19 00:00:00+00:00,173932.10878,113480.0
2018-01-20 00:00:00+00:00,173932.10878,114564.9
2018-01-21 00:00:00+00:00,173932.10878,127763.5
2018-01-22 00:00:00+00:00,173932.10878,114050.5
2018-01-23 00:00:00+00:00,173932.10878,108180.20000000001
2018-01-24 00:00:00+00:00,173932.10878,107695.9
2018-01-25 00:00:00+00:00,173932.10878,112442.90000000001
2018-01-26 00:00:00+00:00,173932.10878,111620.0
2018-01-27 00:00:00+00:00,173932.10878,111049.79999999999
2018-01-28 00:00:00+00:00,173932.10878,113053.79999999999
2018-01-29 00:00:00+00:00,173932.10878,115509.9
2018-01-30 00:00:00+00:00,173932.10878,111310.0
2018-01-31 00:00:00+00:00,173932.10878,99126.5
2018-02-01 00:00:00+00:00,173932.10878,100567.90000000001
2018-02-02 00:00:00+00:00,173932.10878,90650.5
2018-02-03 00:00:00+00:00,173932.10878,88180.9
2018-02-04 00:00:00+00:00,173932.10878,91891.29999999999
2018-02-05 00:00:00+00:00,173932.10878,82196.20000000001
2018-02-06 00:00:00+00:00,173932.10878,69105.4
2018-02-07 00:00:00+00:00,194330.74678000002,77440.0
2018-02-08 00:00:00+00:00,190299.49678000002,75827.5
2018-02-09 00:00:00+00:00,205905.74678000002,82070.0
2018-02-10 00:00:00+00:00,217655.49678000002,86769.9
2018-02-11 00:00:00+00:00,214280.49678000002,85419.9
2018-02-12 00:00:00+00:00,202953.99678000002,80889.3
2018-02-13 00:00:00+00:00,222169.99678000002,88575.7
2018-02-14 00:00:00+00:00,214055.74678000002,85330.0
2018-02-15 00:00:00+00:00,237655.74678000002,94770.0
2018-02-16 00:00:00+00:00,251835.74678000004,100442.0
2018-02-17 00:00:00+00:00,255130.49678000002,101759.9
2018-02-18 00:00:00+00:00,277628.24678,110759.0
2018-02-19 00:00:00+00:00,261181.49678000004,104180.3
2018-02-20 00:00:00+00:00,279405.49678000004,111469.9
2018-02-21 00:00:00+00:00,280597.74678000004,111946.8
2018-02-22 00:00:00+00:00,262352.99678,104648.9
2018-02-23 00:00:00+00:00,246242.49678,98204.7
2018-02-24 00:00:00+00:00,254930.49678000002,101679.9
2018-02-25 00:00:00+00:00,242507.74678000002,96710.8
2018-02-26 00:00:00+00:00,240155.49678000002,95769.9
2018-02-27 00:00:00+00:00,258405.74678000002,103070.0
2018-02-28 00:00:00+00:00,267131.74678000004,106560.40000000001
2018-03-01 00:00:00+00:00,258155.74678000002,102970.0
2018-03-02 00:00:00+00:00,272880.99678000004,108860.1
2018-03-03 00:00:00+00:00,276280.49678000004,110219.9
2018-03-04 00:00:00+00:00,286905.74678000004,114470.0
2018-03-05 00:00:00+00:00,288080.74678000004,114940.0
2018-03-06 00:00:00+00:00,289447.49678000004,115486.7
2018-03-07 00:00:00+00:00,268333.99678,107041.29999999999
2018-03-08 00:00:00+00:00,247905.74678000002,98870.0
2018-03-09 00:00:00+00:00,260910.99727999998,93470.1
2018-03-10 00:00:00+00:00,262438.99728,92858.9
2018-03-11 00:00:00+00:00,274161.24728,88170.0
2018-03-12 00:00:00+00:00,274161.24728,95544.0
2018-03-13 00:00:00+00:00,274161.24728,91701.6
2018-03-14 00:00:00+00:00,274161.24728,91424.1
2018-03-15 00:00:00+00:00,274161.24728,82269.9
2018-03-16 00:00:00+00:00,274161.24728,82547.8
2018-03-17 00:00:00+00:00,274161.24728,82936.29999999999
2018-03-18 00:00:00+00:00,274161.24728,78991.0
2018-03-19 00:00:00+00:00,274161.24728,82223.79999999999
2018-03-20 00:00:00+00:00,274161.24728,85520.0
2018-03-21 00:00:00+00:00,274161.24728,88758.9
2018-03-22 00:00:00+00:00,274161.24728,89178.6
2018-03-23 00:00:00+00:00,274161.24728,87146.0
2018-03-24 00:00:00+00:00,274161.24728,88919.0
2018-03-25 00:00:00+00:00,274161.24728,85950.20000000001
2018-03-26 00:00:00+00:00,274161.24728,84600.0
2018-03-27 00:00:00+00:00,274161.24728,81620.0
2018-03-28 00:00:00+00:00,274161.24728,78070.0
2018-03-29 00:00:00+00:00,274161.24728,79194.79999999999
2018-03-30 00:00:00+00:00,274161.24728,70949.9
2018-03-31 00:00:00+00:00,274161.24728,68605.6
2018-04-01 00:00:00+00:00,274161.24728,69370.20000000001
2018-04-02 00:00:00+00:00,274161.24728,68060.0
2018-04-03 00:00:00+00:00,274161.24728,70470.0
2018-04-04 00:00:00+00:00,274161.24728,74320.0
2018-04-05 00:00:00+00:00,274161.24728,67938.2
2018-04-06 00:00:00+00:00,274161.24728,68175.7
2018-04-07 00:00:00+00:00,274161.24728,66180.0
2018-04-08 00:00:00+00:00,274161.24728,69062.0
2018-04-09 00:00:00+00:00,274161.24728,70171.3
2018-04-10 00:00:00+00:00,274161.24728,67810.0
2018-04-11 00:00:00+00:00,274161.24728,68260.0
2018-04-12 00:00:00+00:00,274161.24728,69630.4
2018-04-13 00:00:00+00:00,274161.24728,79219.9
2018-04-14 00:00:00+00:00,272451.72796,78875.4
2018-04-15 00:00:00+00:00,276527.64796000003,80074.2
2018-04-16 00:00:00+00:00,288923.02796,83719.9
2018-04-17 00:00:00+00:00,278119.86796,80542.5
2018-04-18 00:00:00+00:00,272808.38796,78980.3
2018-04-19 00:00:00+00:00,281652.12796,81581.40000000001
2018-04-20 00:00:00+00:00,286203.36796,82920.0
2018-04-21 00:00:00+00:00,305718.00795999996,88659.59999999999
2018-04-22 00:00:00+00:00,306973.28796,89028.79999999999
2018-04-23 00:00:00+00:00,304120.00795999996,88189.59999999999
2018-04-24 00:00:00+00:00,308177.22796000005,89382.90000000001
2018-04-25 00:00:00+00:00,334347.70796,97080.1
2018-04-26 00:00:00+00:00,305790.76796,88681.0
2018-04-27 00:00:00+00:00,320101.36796,92890.0
2018-04-28 00:00:00+00:00,308133.70796,89370.1
2018-04-29 00:00:00+00:00,321610.96796,93334.0
2018-04-30 00:00:00+00:00,323853.94796,93993.70000000001
2018-05-01 00:00:00+00:00,318432.98796,92399.3
2018-05-02 00:00:00+00:00,313362.22796000005,90907.90000000001
2018-05-03 00:00:00+00:00,316989.68796,91974.79999999999
2018-05-04 00:00:00+00:00,335889.60796000005,97533.6
2018-05-05 00:00:00+00:00,334099.16796000005,97007.0
2018-05-06 00:00:00+00:00,337712.68796,98069.79999999999
2018-05-07 00:00:00+00:00,330913.02796,96069.9
2018-05-08 00:00:00+00:00,322567.72796000005,93615.40000000001
2018-05-09 00:00:00+00:00,317307.24796,92068.2
2018-05-10 00:00:00+00:00,321223.36796,93220.0
2018-05-11 00:00:00+00:00,310785.36796,90150.0
2018-05-12 00:00:00+00:00,330335.50328000006,84220.0
2018-05-13 00:00:00+00:00,328424.0232800001,84782.2
2018-05-14 00:00:00+00:00,322073.50328000006,86650.0
2018-05-15 00:00:00+00:00,321274.50328000006,86885.0
2018-05-16 00:00:00+00:00,327635.56328000006,85014.1
2018-05-17 00:00:00+00:00,332749.50328000006,83510.0
2018-05-18 00:00:00+00:00,342153.56328000006,80744.1
2018-05-19 00:00:00+00:00,336183.50328000006,82500.0
2018-05-20 00:00:00+00:00,336435.10328000004,82426.0
2018-05-21 00:00:00+00:00,326935.50328000006,85220.0
2018-05-22 00:00:00+00:00,331068.88328000007,84004.3
2018-05-23 00:00:00+00:00,344397.22328000003,80084.2
2018-05-24 00:00:00+00:00,360259.24328000005,75418.9
2018-05-25 00:00:00+00:00,359648.94328000006,75598.4
2018-05-26 00:00:00+00:00,362579.4032800001,74736.5
2018-05-27 00:00:00+00:00,367225.16328000004,73370.1
2018-05-28 00:00:00+00:00,366499.60328000004,73583.5
2018-05-29 00:00:00+00:00,374503.5432800001,71229.4
2018-05-30 00:00:00+00:00,363221.66328000004,74547.6
2018-05-31 00:00:00+00:00,365423.50328000006,73900.0
2018-06-01 00:00:00+00:00,362123.80328000005,74870.5
2018-06-02 00:00:00+00:00,360795.0832800001,75261.3
2018-06-03 00:00:00+00:00,356660.3432800001,76477.4
2018-06-04 00:00:00+00:00,354645.50328000006,77070.0
2018-06-05 00:00:00+00:00,361547.50328000006,75040.0
2018-06-06 00:00:00+00:00,357620.50328000006,76195.0
2018-06-07 00:00:00+00:00,356175.8432800001,76619.9
2018-06-08 00:00:00+00:00,355665.8432800001,76769.9
2018-06-09 00:00:00+00:00,357410.72328000003,76256.7
2018-06-10 00:00:00+00:00,361887.8432800001,74939.9
2018-06-11 00:00:00+00:00,386843.50328000006,67600.0
2018-06-12 00:00:00+00:00,382738.00328000006,68807.5
2018-06-13 00:00:00+00:00,393452.7632800001,65656.1
2018-06-14 00:00:00+00:00,402133.30328000005,63103.0
2018-06-15 00:00:00+00:00,390498.8432800001,66524.9
2018-06-16 00:00:00+00:00,399704.3432800001,63817.399999999994
2018-06-17 00:00:00+00:00,395650.5232800001,65009.700000000004
2018-06-18 00:00:00+00:00,397145.8432800001,64569.899999999994
2018-06-19 00:00:00+00:00,388373.50328000006,67150.0
2018-06-20 00:00:00+00:00,387285.8432800001,67469.9
2018-06-21 00:00:00+00:00,386741.50328000006,67630.0
2018-06-22 00:00:00+00:00,387965.8432800001,67269.9
2018-06-23 00:00:00+00:00,410408.9032800001,60669.0
2018-06-24 00:00:00+00:00,406474.7632800001,61826.1
2018-06-25 00:00:00+00:00,407395.1432800001,61555.4
2018-06-26 00:00:00+00:00,404201.5232800001,62494.700000000004
2018-06-27 00:00:00+00:00,410235.50328000006,60720.0
2018-06-28 00:00:00+00:00,407880.6632800001,61412.600000000006
2018-06-29 00:00:00+00:00,417205.1632800001,58670.100000000006
2018-06-30 00:00:00+00:00,405913.0832800001,61991.3
2018-07-01 00:00:00+00:00,399715.22328000003,63814.2
2018-07-02 00:00:00+00:00,400715.1632800001,63520.100000000006
2018-07-03 00:00:00+00:00,391920.38328000007,66106.8
2018-07-04 00:00:00+00:00,385179.54022,65096.2
2018-07-05 00:00:00+00:00,389449.96022,65820.0
2018-07-06 00:00:00+00:00,386969.60022,65399.6
2018-07-07 00:00:00+00:00,391514.96022,66170.0
2018-07-08 00:00:00+00:00,400682.38022000005,67723.8
2018-07-09 00:00:00+00:00,396940.60022,67089.6
2018-07-10 00:00:00+00:00,394700.96022,66710.0
2018-07-11 00:00:00+00:00,373423.20022,63103.6
2018-07-12 00:00:00+00:00,368097.46256,63880.4
2018-07-13 00:00:00+00:00,377086.11256000004,62356.899999999994
2018-07-14 00:00:00+00:00,377008.82256,62370.0
2018-07-15 00:00:00+00:00,375676.60256,62595.8
2018-07-16 00:00:00+00:00,370484.01256,63475.9
2018-07-17 00:00:00+00:00,346800.82256,67490.0
2018-07-18 00:00:00+00:00,375592.23958000005,73270.0
2018-07-19 00:00:00+00:00,378448.23958000005,73830.0
2018-07-20 00:00:00+00:00,382936.23958000005,74710.0
2018-07-21 00:00:00+00:00,376329.69958,73414.6
2018-07-22 00:00:00+00:00,380080.23958000005,74150.0
2018-07-23 00:00:00+00:00,379715.07958,74078.4
2018-07-24 00:00:00+00:00,395499.57958,77173.4
2018-07-25 00:00:00+00:00,432514.86958,84431.29999999999
2018-07-26 00:00:00+00:00,419147.76958,81810.3
2018-07-27 00:00:00+00:00,406779.75958000007,79385.20000000001
2018-07-28 00:00:00+00:00,418261.38958,81636.5
2018-07-29 00:00:00+00:00,419912.76958,81960.3
2018-07-30 00:00:00+00:00,420981.72958000004,82169.9
2018-07-31 00:00:00+00:00,419451.72958000004,81869.9
2018-08-01 00:00:00+00:00,397012.74958000006,77470.1
2018-08-02 00:00:00+00:00,390006.36958000006,76096.3
2018-08-03 00:00:00+00:00,386838.75958000007,75475.20000000001
2018-08-04 00:00:00+00:00,380080.74958000006,74150.1
2018-08-05 00:00:00+00:00,400285.6235800001,70040.0
2018-08-06 00:00:00+00:00,398347.11358000006,70420.1
2018-08-07 00:00:00+00:00,403957.6235800001,69320.0
2018-08-08 00:00:00+00:00,414847.65358000004,67184.70000000001
2018-08-09 00:00:00+00:00,437923.11358000006,62660.100000000006
2018-08-10 00:00:00+00:00,437923.11358000006,65620.1
2018-08-11 00:00:00+00:00,437923.11358000006,61592.9
2018-08-12 00:00:00+00:00,437923.11358000006,62610.100000000006
2018-08-13 00:00:00+00:00,437923.11358000006,63206.4
2018-08-14 00:00:00+00:00,437923.11358000006,62612.799999999996
2018-08-15 00:00:00+00:00,437923.11358000006,62015.600000000006
2018-08-16 00:00:00+00:00,437923.11358000006,62819.899999999994
2018-08-17 00:00:00+00:00,437923.11358000006,63159.0
2018-08-18 00:00:00+00:00,437923.11358000006,65820.0
2018-08-19 00:00:00+00:00,437923.11358000006,64011.7
2018-08-20 00:00:00+00:00,437923.11358000006,65011.4
2018-08-21 00:00:00+00:00,437923.11358000006,62728.6
2018-08-22 00:00:00+00:00,437923.11358000006,64735.0
2018-08-23 00:00:00+00:00,437923.11358000006,63551.8
2018-08-24 00:00:00+00:00,437923.11358000006,65242.200000000004
2018-08-25 00:00:00+00:00,437923.11358000006,67060.1
2018-08-26 00:00:00+00:00,439880.3922800001,67495.20000000001
2018-08-27 00:00:00+00:00,438016.8422800001,67208.5
2018-08-28 00:00:00+00:00,449791.5922800001,69020.0
2018-08-29 00:00:00+00:00,461771.0922800001,70863.0
2018-08-30 00:00:00+00:00,458710.8922800001,70392.20000000001
2018-08-31 00:00:00+00:00,455966.5922800001,69970.0
2018-09-01 00:00:00+00:00,458118.0922800001,70301.0
2018-09-02 00:00:00+00:00,469422.24228000006,72040.1
2018-09-03 00:00:00+00:00,476116.5922800001,73070.0
2018-09-04 00:00:00+00:00,473516.5922800001,72670.0
2018-09-05 00:00:00+00:00,480340.9422800001,73719.9
2018-09-06 00:00:00+00:00,435752.24228000006,66860.1
2018-09-07 00:00:00+00:00,447317.17228000006,64947.1
2018-09-08 00:00:00+00:00,452761.5722800001,64109.5
2018-09-09 00:00:00+00:00,467152.5722800001,61895.5
2018-09-10 00:00:00+00:00,463161.5722800001,62509.5
2018-09-11 00:00:00+00:00,459713.3222800001,63040.0
2018-09-12 00:00:00+00:00,461013.3222800001,62840.0
2018-09-13 00:00:00+00:00,457529.3222800001,63376.0
2018-09-14 00:00:00+00:00,447427.67228000006,64930.100000000006
2018-09-15 00:00:00+00:00,446631.42228000006,65052.600000000006
2018-09-16 00:00:00+00:00,444762.67228000006,65340.100000000006
2018-09-17 00:00:00+00:00,446718.5222800001,65039.2
2018-09-18 00:00:00+00:00,462768.3222800001,62570.0
2018-09-19 00:00:00+00:00,456771.42228000006,63492.600000000006
2018-09-20 00:00:00+00:00,454193.5222800001,63889.2
2018-09-21 00:00:00+00:00,446613.2222800001,65055.4
2018-09-22 00:00:00+00:00,430242.97228000005,67573.9
2018-09-23 00:00:00+00:00,426658.2018800002,67140.1
2018-09-24 00:00:00+00:00,426014.3418800002,67037.9
2018-09-25 00:00:00+00:00,418889.04188000015,65906.9
2018-09-26 00:00:00+00:00,408839.9118800002,64311.8
2018-09-27 00:00:00+00:00,405516.13394000015,64711.1
2018-09-28 00:00:00+00:00,417916.8643000002,66840.5
2018-09-29 00:00:00+00:00,414756.1043000002,66330.7
2018-09-30 00:00:00+00:00,412023.14430000016,65889.9
2018-10-01 00:00:00+00:00,413169.52430000016,66074.79999999999
2018-10-02 00:00:00+00:00,411332.4643000002,65778.5
2018-10-03 00:00:00+00:00,406769.8843000002,65042.600000000006
2018-10-04 00:00:00+00:00,407902.3440600002,64730.0
2018-10-05 00:00:00+00:00,403080.60406000016,65507.700000000004
2018-10-06 00:00:00+00:00,405070.57412000006,65964.79999999999
2018-10-07 00:00:00+00:00,402810.52412000013,65594.3
2018-10-08 00:00:00+00:00,403124.6741200001,65645.8
2018-10-09 00:00:00+00:00,405985.57412000006,66114.79999999999
2018-10-10 00:00:00+00:00,405215.1441200001,65988.5
2018-10-11 00:00:00+00:00,401376.4141200001,65359.2
2018-10-12 00:00:00+00:00,422958.34588000004,61690.600000000006
2018-10-13 00:00:00+00:00,421204.59588000004,61978.100000000006
2018-10-14 00:00:00+00:00,420888.00588000007,62030.0
2018-10-15 00:00:00+00:00,421515.6958800001,61927.1
2018-10-16 00:00:00+00:00,405697.78588000004,64520.200000000004
2018-10-17 00:00:00+00:00,404729.71588000003,64678.9
2018-10-18 00:00:00+00:00,405778.30588000006,64507.0
2018-10-19 00:00:00+00:00,408927.12588000007,63990.8
2018-10-20 00:00:00+00:00,409481.61588000006,63899.899999999994
2018-10-21 00:00:00+00:00,407773.61588000006,64179.899999999994
2018-10-22 00:00:00+00:00,407527.1758800001,64220.299999999996
2018-10-23 00:00:00+00:00,408017.00588000007,64140.0
2018-10-24 00:00:00+00:00,408904.55588000006,63994.5
2018-10-25 00:00:00+00:00,407657.1058800001,64199.0
2018-10-26 00:00:00+00:00,408348.84588000004,64085.600000000006
2018-10-27 00:00:00+00:00,408209.15588000003,64108.5
2018-10-28 00:00:00+00:00,407882.80588000006,64162.0
2018-10-29 00:00:00+00:00,406512.00794000016,64072.399999999994
2018-10-30 00:00:00+00:00,397925.73794000014,62709.5
2018-10-31 00:00:00+00:00,396678.47150000016,62782.0
2018-11-01 00:00:00+00:00,394600.7315000001,63111.8
2018-11-02 00:00:00+00:00,392158.85150000016,63499.399999999994
2018-11-03 00:00:00+00:00,391829.3615000001,63551.7
2018-11-04 00:00:00+00:00,392848.07150000014,63390.0
2018-11-05 00:00:00+00:00,387303.44150000013,64270.100000000006
2018-11-06 00:00:00+00:00,385572.44030000013,64110.0
2018-11-07 00:00:00+00:00,388227.44030000013,64552.5
2018-11-08 00:00:00+00:00,391494.44030000013,65097.0
2018-11-09 00:00:00+00:00,385706.84030000016,64132.399999999994
2018-11-10 00:00:00+00:00,381426.44030000013,63419.0
2018-11-11 00:00:00+00:00,379913.85350000014,63544.2
2018-11-12 00:00:00+00:00,379699.05350000015,63580.0
2018-11-13 00:00:00+00:00,381086.8535000002,63348.7
2018-11-14 00:00:00+00:00,384580.65350000013,62766.4
2018-11-15 00:00:00+00:00,426892.05350000015,55714.5
2018-11-16 00:00:00+00:00,426079.05350000015,55850.0
2018-11-17 00:00:00+00:00,429817.6535000002,55226.899999999994
2018-11-18 00:00:00+00:00,430628.25350000017,55091.8
2018-11-19 00:00:00+00:00,427238.85350000014,55656.7
2018-11-20 00:00:00+00:00,475275.4535000002,47650.600000000006
2018-11-21 00:00:00+00:00,475276.05350000015,43870.100000000006
2018-11-22 00:00:00+00:00,475276.05350000015,45610.0
2018-11-23 00:00:00+00:00,475276.05350000015,42871.1
2018-11-24 00:00:00+00:00,475276.05350000015,43010.100000000006
2018-11-25 00:00:00+00:00,475276.05350000015,37854.4
2018-11-26 00:00:00+00:00,496141.44350000017,39599.2
2018-11-27 00:00:00+00:00,468263.94350000017,37369.0
2018-11-28 00:00:00+00:00,473901.4435000001,37820.0
2018-11-29 00:00:00+00:00,529885.1935000002,42298.7
2018-11-30 00:00:00+00:00,531367.6935,42417.299999999996
2018-12-01 00:00:00+00:00,498901.4435000001,39820.0
2018-12-02 00:00:00+00:00,519972.6935000001,41505.7
2018-12-03 00:00:00+00:00,512831.44350000017,40934.4
2018-12-04 00:00:00+00:00,481611.4435000001,38436.8
2018-12-05 00:00:00+00:00,489102.69350000017,39036.100000000006
2018-12-06 00:00:00+00:00,463980.19350000017,37026.3
2018-12-07 00:00:00+00:00,431938.94350000017,34463.0
2018-12-08 00:00:00+00:00,424401.44350000017,33860.0
2018-12-09 00:00:00+00:00,427026.44350000017,34070.0
2018-12-10 00:00:00+00:00,444776.4435000001,35490.0
2018-12-11 00:00:00+00:00,428576.44350000017,34194.0
2018-12-12 00:00:00+00:00,420401.44350000017,33540.0
2018-12-13 00:00:00+00:00,431041.4435000001,34391.2
2018-12-14 00:00:00+00:00,409775.1935000001,32689.899999999998
2018-12-15 00:00:00+00:00,400776.44350000017,31970.0
2018-12-16 00:00:00+00:00,399967.69350000017,31905.300000000003
2018-12-17 00:00:00+00:00,401295.19350000017,32011.5
2018-12-18 00:00:00+00:00,439530.19350000017,35070.3
2018-12-19 00:00:00+00:00,460525.1935000001,36749.899999999994
2018-12-20 00:00:00+00:00,463427.69350000017,36982.1
2018-12-21 00:00:00+00:00,511887.6935000001,40858.899999999994
2018-12-22 00:00:00+00:00,481893.94350000017,38459.4
2018-12-23 00:00:00+00:00,498638.94350000017,39799.0
2018-12-24 00:00:00+00:00,495661.4435000001,39560.8
2018-12-25 00:00:00+00:00,505152.69350000017,40320.100000000006
2018-12-26 00:00:00+00:00,472637.6935000001,37718.899999999994
2018-12-27 00:00:00+00:00,477453.94350000017,38104.2
2018-12-28 00:00:00+00:00,450526.4435000001,35950.0
2018-12-29 00:00:00+00:00,486967.69350000017,38865.3
2018-12-30 00:00:00+00:00,468277.69350000017,37370.100000000006
2018-12-31 00:00:00+00:00,480428.9435000001,38342.2
2019-01-01 00:00:00+00:00,462618.9435000001,36917.399999999994
2019-01-02 00:00:00+00:00,479197.6935000001,38243.7
2019-01-03 00:00:00+00:00,488376.44350000017,38978.0
2019-01-04 00:00:00+00:00,475026.4435000001,37910.0
2019-01-05 00:00:00+00:00,480487.69350000017,38346.9
2019-01-06 00:00:00+00:00,477058.94350000017,38072.600000000006
2019-01-07 00:00:00+00:00,507458.94350000017,40504.6
2019-01-08 00:00:00+00:00,502130.1935000001,40078.3
2019-01-09 00:00:00+00:00,500898.94350000017,39979.8
2019-01-10 00:00:00+00:00,502650.1935000001,40119.899999999994
2019-01-11 00:00:00+00:00,455497.6935000001,36347.7
2019-01-12 00:00:00+00:00,454048.2510000001,36391.100000000006
2019-01-13 00:00:00+00:00,455455.7510000001,36278.5
2019-01-14 00:00:00+00:00,469173.2510000001,35181.100000000006
2019-01-15 00:00:00+00:00,449549.5010000001,36751.0
2019-01-16 00:00:00+00:00,459950.7510000001,35918.899999999994
2019-01-17 00:00:00+00:00,456932.0010000001,36160.4
2019-01-18 00:00:00+00:00,453067.0010000001,36469.6
2019-01-19 00:00:00+00:00,456993.25100000005,36155.5
2019-01-20 00:00:00+00:00,447089.50100000005,36947.8
2019-01-21 00:00:00+00:00,466364.5010000001,35405.8
2019-01-22 00:00:00+00:00,466560.75100000005,35390.100000000006
2019-01-23 00:00:00+00:00,460812.0010000001,35850.0
2019-01-24 00:00:00+00:00,464024.50100000005,35593.0
2019-01-25 00:00:00+00:00,462338.2510000001,35727.9
2019-01-26 00:00:00+00:00,462909.5010000001,35682.2
2019-01-27 00:00:00+00:00,463557.0010000001,35630.4
2019-01-28 00:00:00+00:00,466078.2510000001,35428.7
2019-01-29 00:00:00+00:00,479195.7510000001,34379.3
2019-01-30 00:00:00+00:00,483560.75100000005,34030.100000000006
2019-01-31 00:00:00+00:00,478372.0010000001,34445.2
2019-02-01 00:00:00+00:00,481649.50100000005,34183.0
2019-02-02 00:00:00+00:00,478379.5010000001,34444.6
2019-02-03 00:00:00+00:00,474510.7510000001,34754.1
2019-02-04 00:00:00+00:00,481655.7510000001,34182.5
2019-02-05 00:00:00+00:00,481615.75100000005,34185.7
2019-02-06 00:00:00+00:00,479578.2510000001,34348.7
2019-02-07 00:00:00+00:00,487064.5010000001,33749.8
2019-02-08 00:00:00+00:00,488434.5010000001,33640.2
2019-02-09 00:00:00+00:00,455065.7510000001,36309.7
2019-02-10 00:00:00+00:00,454768.98850000004,36320.0
2019-02-11 00:00:00+00:00,457573.98850000004,36544.4
2019-02-12 00:00:00+00:00,450473.98850000004,35976.399999999994
2019-02-13 00:00:00+00:00,450136.48850000004,35949.4
2019-02-14 00:00:00+00:00,448645.2385000001,35830.100000000006
2019-02-15 00:00:00+00:00,446920.23850000004,35692.1
2019-02-16 00:00:00+00:00,447342.73850000004,35725.9
2019-02-17 00:00:00+00:00,450020.2385000001,35940.100000000006
2019-02-18 00:00:00+00:00,455227.73850000004,36356.7
2019-02-19 00:00:00+00:00,484906.48850000004,38731.0
2019-02-20 00:00:00+00:00,488323.98850000004,39004.4
2019-02-21 00:00:00+00:00,494018.98850000004,39460.0
2019-02-22 00:00:00+00:00,488616.4885000001,39027.8
2019-02-23 00:00:00+00:00,495393.98850000004,39570.0
2019-02-24 00:00:00+00:00,515331.48850000004,41165.0
2019-02-25 00:00:00+00:00,468781.48850000004,37441.0
2019-02-26 00:00:00+00:00,479270.2385000001,38280.100000000006
2019-02-27 00:00:00+00:00,476418.98850000004,38052.0
2019-02-28 00:00:00+00:00,476465.23850000004,38055.7
2019-03-01 00:00:00+00:00,475955.23850000004,38014.899999999994
2019-03-02 00:00:00+00:00,477345.23850000004,38126.100000000006
2019-03-03 00:00:00+00:00,477856.48850000004,38167.0
2019-03-04 00:00:00+00:00,474643.98850000004,37910.0
2019-03-05 00:00:00+00:00,464237.73850000004,37077.5
2019-03-06 00:00:00+00:00,445676.3035,38488.2
2019-03-07 00:00:00+00:00,445924.1826,38586.8
2019-03-08 00:00:00+00:00,446529.0826,38639.4
2019-03-09 00:00:00+00:00,444740.8326,38483.899999999994
2019-03-10 00:00:00+00:00,453435.98260000005,39240.0
2019-03-11 00:00:00+00:00,452008.8326,39115.9
2019-03-12 00:00:00+00:00,445277.8826,38530.6
2019-03-13 00:00:00+00:00,442939.07667999994,38655.3
2019-03-14 00:00:00+00:00,441263.58956,38585.7
2019-03-15 00:00:00+00:00,441533.76956,38609.4
2019-03-16 00:00:00+00:00,447165.36956,39103.4
2019-03-17 00:00:00+00:00,457043.46955999994,39969.899999999994
2019-03-18 00:00:00+00:00,454422.60956,39740.0
2019-03-19 00:00:00+00:00,454850.10956,39777.5
2019-03-20 00:00:00+00:00,458281.50956,40078.5
2019-03-21 00:00:00+00:00,461946.60956,40400.0
2019-03-22 00:00:00+00:00,455396.16955999995,39825.4
2019-03-23 00:00:00+00:00,456335.52956,39907.8
2019-03-24 00:00:00+00:00,456301.32956,39904.8
2019-03-25 00:00:00+00:00,454918.50956,39783.5
2019-03-26 00:00:00+00:00,447641.88956,39145.2
2019-03-27 00:00:00+00:00,445265.55272000004,39275.7
2019-03-28 00:00:00+00:00,456871.78876,40379.0
2019-03-29 00:00:00+00:00,454747.38876,40191.0
2019-03-30 00:00:00+00:00,463551.21876,40970.100000000006
2019-03-31 00:00:00+00:00,464115.08876,41020.0
2019-04-01 00:00:00+00:00,464115.08876,41020.0
2019-04-02 00:00:00+00:00,468892.72875999997,41442.799999999996
2019-04-03 00:00:00+00:00,555616.83876,49117.5
2019-04-04 00:00:00+00:00,562764.08876,49750.0
2019-04-05 00:00:00+00:00,555077.82876,49069.799999999996
2019-04-06 00:00:00+00:00,570393.8487600001,50425.200000000004
2019-04-07 00:00:00+00:00,571527.23876,50525.5
2019-04-08 00:00:00+00:00,587735.95876,51959.899999999994
2019-04-09 00:00:00+00:00,599903.79876,53036.7
2019-04-10 00:00:00+00:00,588595.88876,52036.0
2019-04-11 00:00:00+00:00,601457.54876,53174.2
2019-04-12 00:00:00+00:00,571748.7187600001,50545.100000000006
2019-04-13 00:00:00+00:00,575863.04876,50909.2
2019-04-14 00:00:00+00:00,574896.89876,50823.7
2019-04-15 00:00:00+00:00,584010.3487600001,51630.200000000004
2019-04-16 00:00:00+00:00,570929.4687600001,50472.600000000006
2019-04-17 00:00:00+00:00,590603.89876,52213.7
2019-04-18 00:00:00+00:00,592177.98876,52353.0
2019-04-19 00:00:00+00:00,598232.52876,52888.8
2019-04-20 00:00:00+00:00,599055.16876,52961.6
2019-04-21 00:00:00+00:00,602472.2887599999,53264.0
2019-04-22 00:00:00+00:00,600413.42876,53081.8
2019-04-23 00:00:00+00:00,609202.5687599999,53859.6
2019-04-24 00:00:00+00:00,628418.2187600001,55560.100000000006
2019-04-25 00:00:00+00:00,615539.60876,54420.4
2019-04-26 00:00:00+00:00,580538.98876,51323.0
2019-04-27 00:00:00+00:00,576678.8387000001,51562.299999999996
2019-04-28 00:00:00+00:00,574164.5887000001,51784.799999999996
2019-04-29 00:00:00+00:00,575661.8387000001,51652.299999999996
2019-04-30 00:00:00+00:00,577145.5287,51521.0
2019-05-01 00:00:00+00:00,563581.0087,52721.4
2019-05-02 00:00:00+00:00,568314.98098,53297.5
2019-05-03 00:00:00+00:00,575656.54098,53990.100000000006
2019-05-04 00:00:00+00:00,604274.4209799999,56689.899999999994
2019-05-05 00:00:00+00:00,616782.4209799999,57869.899999999994
2019-05-06 00:00:00+00:00,610653.50098,57291.7
2019-05-07 00:00:00+00:00,606855.52098,56933.4
2019-05-08 00:00:00+00:00,613542.00098,57564.2
2019-05-09 00:00:00+00:00,634331.78098,59525.5
2019-05-10 00:00:00+00:00,656533.48098,61620.0
2019-05-11 00:00:00+00:00,676619.4209799999,63514.899999999994
2019-05-12 00:00:00+00:00,772191.1409799999,72531.1
2019-05-13 00:00:00+00:00,743538.28098,69828.0
2019-05-14 00:00:00+00:00,836056.1409799999,78556.09999999999
2019-05-15 00:00:00+00:00,836056.1409799999,80241.3
2019-05-16 00:00:00+00:00,836056.1409799999,82508.9
2019-05-17 00:00:00+00:00,836056.1409799999,79000.1
2019-05-18 00:00:00+00:00,836056.1409799999,73617.4
2019-05-19 00:00:00+00:00,836056.1409799999,72829.70000000001
2019-05-20 00:00:00+00:00,836056.1409799999,82226.8
2019-05-21 00:00:00+00:00,836056.1409799999,80169.7
2019-05-22 00:00:00+00:00,836056.1409799999,79854.0
2019-05-23 00:00:00+00:00,836056.1409799999,76527.0
2019-05-24 00:00:00+00:00,836056.1409799999,78791.8
2019-05-25 00:00:00+00:00,836056.1409799999,80091.8
2019-05-26 00:00:00+00:00,836056.1409799999,80814.0
2019-05-27 00:00:00+00:00,836056.1409799999,87520.0
2019-05-28 00:00:00+00:00,836056.1409799999,88126.0
2019-05-29 00:00:00+00:00,836056.1409799999,87428.4
2019-05-30 00:00:00+00:00,836056.1409799999,86675.0
2019-05-31 00:00:00+00:00,836056.1409799999,82841.1
2019-06-01 00:00:00+00:00,836056.1409799999,85730.40000000001
2019-06-02 00:00:00+00:00,836056.1409799999,85552.4
2019-06-03 00:00:00+00:00,836056.1409799999,87520.1
2019-06-04 00:00:00+00:00,836056.1409799999,81655.5
2019-06-05 00:00:00+00:00,884693.7434599999,76692.29999999999
2019-06-06 00:00:00+00:00,871996.7834599998,77937.1
2019-06-07 00:00:00+00:00,868443.1034599999,78285.5
2019-06-08 00:00:00+00:00,848710.1834599999,80220.1
2019-06-09 00:00:00+00:00,857017.0634599999,79405.7
2019-06-10 00:00:00+00:00,886114.6034599999,76553.0
2019-06-11 00:00:00+00:00,850313.6234599999,80062.9
2019-06-12 00:00:00+00:00,860115.82346,79101.9
2019-06-13 00:00:00+00:00,834941.2034599999,81570.0
2019-06-14 00:00:00+00:00,826784.2634599999,82369.7
2019-06-15 00:00:00+00:00,870249.2694599999,86880.8
2019-06-16 00:00:00+00:00,887771.2694599999,88633.0
2019-06-17 00:00:00+00:00,899209.26946,89776.8
2019-06-18 00:00:00+00:00,932939.2694599999,93149.79999999999
2019-06-19 00:00:00+00:00,909337.2694599999,90789.59999999999
2019-06-20 00:00:00+00:00,931079.2694599999,92963.79999999999
2019-06-21 00:00:00+00:00,954888.2694599999,95344.7
2019-06-22 00:00:00+00:00,1017829.2694599999,101638.79999999999
2019-06-23 00:00:00+00:00,1070164.2694599999,106872.29999999999
2019-06-24 00:00:00+00:00,1084573.2694599999,108313.2
2019-06-25 00:00:00+00:00,1103554.2694599999,110211.29999999999
2019-06-26 00:00:00+00:00,1180458.2694599999,117901.7
2019-06-27 00:00:00+00:00,1291243.26946,128980.20000000001
2019-06-28 00:00:00+00:00,1291242.26946,111310.0
2019-06-29 00:00:00+00:00,1291242.26946,123789.7
2019-06-30 00:00:00+00:00,1291242.26946,119632.5
2019-07-01 00:00:00+00:00,1291242.26946,106634.59999999999
2019-07-02 00:00:00+00:00,1291242.26946,105865.9
2019-07-03 00:00:00+00:00,1291242.26946,108073.9
2019-07-04 00:00:00+00:00,1291242.26946,119695.3
2019-07-05 00:00:00+00:00,1291242.26946,111879.7
2019-07-06 00:00:00+00:00,1291242.26946,109665.59999999999
2019-07-07 00:00:00+00:00,1291242.26946,112264.79999999999
2019-07-08 00:00:00+00:00,1291242.26946,114752.90000000001
2019-07-09 00:00:00+00:00,1291242.26946,123146.1
2019-07-10 00:00:00+00:00,1291242.26946,125710.0
2019-07-11 00:00:00+00:00,1291242.26946,121439.7
2019-07-12 00:00:00+00:00,1291242.26946,113523.6
2019-07-13 00:00:00+00:00,1291242.26946,118070.0
2019-07-14 00:00:00+00:00,1291242.26946,113901.5
2019-07-15 00:00:00+00:00,1426287.85756,101722.90000000001
2019-07-16 00:00:00+00:00,1344780.95756,108935.9
2019-07-17 00:00:00+00:00,1506365.30756,94636.4
2019-07-18 00:00:00+00:00,1506512.20756,96620.40000000001
2019-07-19 00:00:00+00:00,1506512.20756,106449.1
2019-07-20 00:00:00+00:00,1506512.20756,105255.8
2019-07-21 00:00:00+00:00,1506512.20756,107882.8
2019-07-22 00:00:00+00:00,1506512.20756,105940.0
2019-07-23 00:00:00+00:00,1506512.20756,103164.40000000001
2019-07-24 00:00:00+00:00,1506512.20756,98870.1
2019-07-25 00:00:00+00:00,1506512.20756,97908.70000000001
2019-07-26 00:00:00+00:00,1506512.20756,98821.5
2019-07-27 00:00:00+00:00,1506512.20756,98580.0
2019-07-28 00:00:00+00:00,1506512.20756,94506.29999999999
2019-07-29 00:00:00+00:00,1506512.20756,95310.40000000001
2019-07-30 00:00:00+00:00,1506512.20756,95170.0
2019-07-31 00:00:00+00:00,1506512.20756,95859.2
2019-08-01 00:00:00+00:00,1506512.20756,100841.0
2019-08-02 00:00:00+00:00,1506512.20756,104020.20000000001
2019-08-03 00:00:00+00:00,1524111.88756,105450.1
2019-08-04 00:00:00+00:00,1563891.88756,108212.6
2019-08-05 00:00:00+00:00,1590785.32756,110080.20000000001
2019-08-06 00:00:00+00:00,1708057.4875599998,118224.1
2019-08-07 00:00:00+00:00,1660011.88756,114887.6
2019-08-08 00:00:00+00:00,1732348.84756,119911.0
2019-08-09 00:00:00+00:00,1738095.88756,120310.1
2019-08-10 00:00:00+00:00,1713624.5275599998,118610.7
2019-08-11 00:00:00+00:00,1632541.0075599998,112979.9
2019-08-12 00:00:00+00:00,1669232.20756,115527.90000000001
2019-08-13 00:00:00+00:00,1645359.88756,113870.1
2019-08-14 00:00:00+00:00,1571703.88756,108755.1
2019-08-15 00:00:00+00:00,1442566.1275599997,99787.2
2019-08-16 00:00:00+00:00,1394949.16084,102893.9
2019-08-17 00:00:00+00:00,1383213.16084,103708.9
2019-08-18 00:00:00+00:00,1405353.16084,102171.4
2019-08-19 00:00:00+00:00,1389583.7208399998,103266.5
2019-08-20 00:00:00+00:00,1304047.7208399998,109206.5
2019-08-21 00:00:00+00:00,1282100.8721399996,107580.5
2019-08-22 00:00:00+00:00,1354471.6741399996,101282.90000000001
2019-08-23 00:00:00+00:00,1355637.8741399997,101184.9
2019-08-24 00:00:00+00:00,1320018.7941399997,104178.09999999999
2019-08-25 00:00:00+00:00,1352243.9941399996,101470.1
2019-08-26 00:00:00+00:00,1358193.9941399996,100970.1
2019-08-27 00:00:00+00:00,1326896.9941399996,103600.1
2019-08-28 00:00:00+00:00,1349451.0641399997,101704.79999999999
2019-08-29 00:00:00+00:00,1401110.1541399995,97363.70000000001
2019-08-30 00:00:00+00:00,1430506.7241399996,94893.4
2019-08-31 00:00:00+00:00,1419494.4641399998,95818.79999999999
2019-09-01 00:00:00+00:00,1416503.9941399996,96070.1
2019-09-02 00:00:00+00:00,1396514.3741399997,97749.9
2019-09-03 00:00:00+00:00,1322792.6841399996,103945.0
2019-09-04 00:00:00+00:00,1351619.7791399995,106422.6
2019-09-05 00:00:00+00:00,1345823.4991399997,105966.20000000001
2019-09-06 00:00:00+00:00,1344477.2991399996,105860.20000000001
2019-09-07 00:00:00+00:00,1314524.3491399996,103501.7
2019-09-08 00:00:00+00:00,1333284.7891399995,104978.9
2019-09-09 00:00:00+00:00,1322378.0291399995,104120.1
2019-09-10 00:00:00+00:00,1311252.8291399996,103244.1
2019-09-11 00:00:00+00:00,1284707.2891399995,101153.9
2019-09-12 00:00:00+00:00,1276619.07316,101588.2
2019-09-13 00:00:00+00:00,1244522.36316,104115.5
2019-09-14 00:00:00+00:00,1238042.0230999996,103775.3
2019-09-15 00:00:00+00:00,1237072.1730999995,103693.79999999999
2019-09-16 00:00:00+00:00,1230357.0030999999,103129.5
2019-09-17 00:00:00+00:00,1225314.9730999996,102705.8
2019-09-18 00:00:00+00:00,1216438.7630999996,101959.9
2019-09-19 00:00:00+00:00,1217649.2310999995,101654.59999999999
2019-09-20 00:00:00+00:00,1202267.2910999996,102947.2
2019-09-21 00:00:00+00:00,1186940.4485399993,101768.0
2019-09-22 00:00:00+00:00,1206060.7749399994,99916.29999999999
2019-09-23 00:00:00+00:00,1199185.4549399994,100509.0
2019-09-24 00:00:00+00:00,1240595.1349399993,96939.2
2019-09-25 00:00:00+00:00,1370667.0949399993,85726.1
2019-09-26 00:00:00+00:00,1370737.8549399993,84415.59999999999
2019-09-27 00:00:00+00:00,1370737.8549399993,80752.1
2019-09-28 00:00:00+00:00,1370737.8549399993,82016.8
2019-09-29 00:00:00+00:00,1370737.8549399993,82301.7
2019-09-30 00:00:00+00:00,1370737.8549399993,80698.2
2019-10-01 00:00:00+00:00,1370737.8549399993,82890.0
2019-10-02 00:00:00+00:00,1370737.8549399993,83249.2
2019-10-03 00:00:00+00:00,1370737.8549399993,83980.0
2019-10-04 00:00:00+00:00,1370737.8549399993,82450.0
2019-10-05 00:00:00+00:00,1370737.8549399993,81692.5
2019-10-06 00:00:00+00:00,1370737.8549399993,81536.5
2019-10-07 00:00:00+00:00,1370737.8549399993,78642.1
2019-10-08 00:00:00+00:00,1370737.8549399993,82182.4
2019-10-09 00:00:00+00:00,1370737.8549399993,81979.6
2019-10-10 00:00:00+00:00,1370737.8549399993,86020.1
2019-10-11 00:00:00+00:00,1370737.8549399993,85870.0
2019-10-12 00:00:00+00:00,1370737.8549399993,82714.0
2019-10-13 00:00:00+00:00,1370737.8549399993,83291.4
2019-10-14 00:00:00+00:00,1370737.8549399993,83012.90000000001
2019-10-15 00:00:00+00:00,1370737.8549399993,83588.6
2019-10-16 00:00:00+00:00,1337190.2185799992,81697.5
2019-10-17 00:00:00+00:00,1360700.369859999,80100.5
2019-10-18 00:00:00+00:00,1348080.5698599992,80870.0
2019-10-19 00:00:00+00:00,1367975.4098599993,79656.9
2019-10-20 00:00:00+00:00,1368059.0498599992,79651.8
2019-10-21 00:00:00+00:00,1324466.2098599991,82309.9
2019-10-22 00:00:00+00:00,1321189.7330599988,82269.59999999999
2019-10-23 00:00:00+00:00,1291400.933059999,80407.8
2019-10-24 00:00:00+00:00,1381501.7558999988,74650.8
2019-10-25 00:00:00+00:00,1384813.5258999988,74445.1
2019-10-26 00:00:00+00:00,1186385.855899999,86769.79999999999
2019-10-27 00:00:00+00:00,1264901.128619999,92716.6
2019-10-28 00:00:00+00:00,1306498.0886199991,95775.20000000001
2019-10-29 00:00:00+00:00,1260682.408619999,92406.4
2019-10-30 00:00:00+00:00,1287879.6886199992,94406.20000000001
2019-10-31 00:00:00+00:00,1252125.2886199988,91777.2
2019-11-01 00:00:00+00:00,1250656.488619999,91669.2
2019-11-02 00:00:00+00:00,1262504.808619999,92540.40000000001
2019-11-03 00:00:00+00:00,1270387.368619999,93120.0
2019-11-04 00:00:00+00:00,1256898.888619999,92128.2
2019-11-05 00:00:00+00:00,1287062.328619999,94346.1
2019-11-06 00:00:00+00:00,1270931.368619999,93160.0
2019-11-07 00:00:00+00:00,1277131.608619999,93615.9
2019-11-08 00:00:00+00:00,1256890.728619999,92127.6
2019-11-09 00:00:00+00:00,1196962.328619999,87721.1
2019-11-10 00:00:00+00:00,1188092.656139999,88177.6
2019-11-11 00:00:00+00:00,1157159.4561399992,90452.09999999999
2019-11-12 00:00:00+00:00,1113852.9107999995,87222.90000000001
2019-11-13 00:00:00+00:00,1101322.9039999992,88027.70000000001
2019-11-14 00:00:00+00:00,1105479.0639999993,87703.0
2019-11-15 00:00:00+00:00,1121900.1839999992,86420.1
2019-11-16 00:00:00+00:00,1145441.9439999992,84580.9
2019-11-17 00:00:00+00:00,1141639.0639999993,84878.0
2019-11-18 00:00:00+00:00,1139181.4639999992,85070.0
2019-11-19 00:00:00+00:00,1180113.303999999,81872.2
2019-11-20 00:00:00+00:00,1188197.783999999,81240.6
2019-11-21 00:00:00+00:00,1192941.4639999992,80870.0
2019-11-22 00:00:00+00:00,1252082.5839999993,76249.6
2019-11-23 00:00:00+00:00,1293014.4239999992,73051.8
2019-11-24 00:00:00+00:00,1293014.4239999992,73379.79999999999
2019-11-25 00:00:00+00:00,1293014.4239999992,69030.1
2019-11-26 00:00:00+00:00,1293014.4239999992,71514.4
2019-11-27 00:00:00+00:00,1293014.4239999992,71791.4
2019-11-28 00:00:00+00:00,1293014.4239999992,75157.1
2019-11-29 00:00:00+00:00,1293014.4239999992,74470.0
2019-11-30 00:00:00+00:00,1293014.4239999992,77615.8
2019-12-01 00:00:00+00:00,1293014.4239999992,75589.9
2019-12-02 00:00:00+00:00,1293014.4239999992,74253.3
2019-12-03 00:00:00+00:00,1293014.4239999992,73223.8
2019-12-04 00:00:00+00:00,1293014.4239999992,73076.1
2019-12-05 00:00:00+00:00,1293014.4239999992,72206.2
2019-12-06 00:00:00+00:00,1293014.4239999992,74020.0
2019-12-07 00:00:00+00:00,1293014.4239999992,75478.7
2019-12-08 00:00:00+00:00,1293014.4239999992,75070.4
2019-12-09 00:00:00+00:00,1293014.4239999992,75362.1
2019-12-10 00:00:00+00:00,1293014.4239999992,73485.0
2019-12-11 00:00:00+00:00,1293014.4239999992,72341.0
2019-12-12 00:00:00+00:00,1293014.4239999992,72011.4
2019-12-13 00:00:00+00:00,1293014.4239999992,71964.1
2019-12-14 00:00:00+00:00,1293014.4239999992,72552.4
2019-12-15 00:00:00+00:00,1293014.4239999992,70780.1
2019-12-16 00:00:00+00:00,1293014.4239999992,71196.4
2019-12-17 00:00:00+00:00,1293014.4239999992,68917.5
2019-12-18 00:00:00+00:00,1293014.4239999992,66228.1
2019-12-19 00:00:00+00:00,1293014.4239999992,73020.0
2019-12-20 00:00:00+00:00,1293014.4239999992,71570.1
2019-12-21 00:00:00+00:00,1293014.4239999992,71897.6
2019-12-22 00:00:00+00:00,1293014.4239999992,71500.1
2019-12-23 00:00:00+00:00,1293014.4239999992,75222.9
2019-12-24 00:00:00+00:00,1257601.9382399993,73302.20000000001
2019-12-25 00:00:00+00:00,1242323.0882399993,72408.7
2019-12-26 00:00:00+00:00,1245997.182239999,72028.1
2019-12-27 00:00:00+00:00,1245971.3822399992,72029.6
2019-12-28 00:00:00+00:00,1238327.7022399993,72474.0
2019-12-29 00:00:00+00:00,1246025.1662399992,73071.6
2019-12-30 00:00:00+00:00,1261219.7662399993,73965.4
2019-12-31 00:00:00+00:00,1232397.9662399993,72270.0
2020-01-01 00:00:00+00:00,1225147.4662399993,71843.5
2020-01-02 00:00:00+00:00,1222658.5991199992,71845.7
2020-01-03 00:00:00+00:00,1262200.6391199993,69533.3
2020-01-04 00:00:00+00:00,1200339.679119999,73150.9
2020-01-05 00:00:00+00:00,1204379.441779999,73544.9
2020-01-06 00:00:00+00:00,1203564.441779999,73494.9
2020-01-07 00:00:00+00:00,1273558.271779999,77789.0
2020-01-08 00:00:00+00:00,1338194.291779999,81754.4
2020-01-09 00:00:00+00:00,1316828.251779999,80443.59999999999
2020-01-10 00:00:00+00:00,1282539.571779999,78340.0
2020-01-11 00:00:00+00:00,1338492.5817799992,81772.70000000001
2020-01-12 00:00:00+00:00,1313998.571779999,80270.0
2020-01-13 00:00:00+00:00,1337667.801779999,81722.1
2020-01-14 00:00:00+00:00,1330789.201779999,81300.1
2020-01-15 00:00:00+00:00,1450918.571779999,88670.0
2020-01-16 00:00:00+00:00,1442876.151779999,88176.6
2020-01-17 00:00:00+00:00,1427982.8417799992,87262.90000000001
2020-01-18 00:00:00+00:00,1459068.571779999,89170.0
2020-01-19 00:00:00+00:00,1460713.241779999,89270.9
2020-01-20 00:00:00+00:00,1424592.441779999,87054.9
2020-01-21 00:00:00+00:00,1411720.3317799992,86265.20000000001
2020-01-22 00:00:00+00:00,1431515.051779999,87479.59999999999
2020-01-23 00:00:00+00:00,1416986.861779999,86588.3
2020-01-24 00:00:00+00:00,1373130.0817799992,83897.70000000001
2020-01-25 00:00:00+00:00,1381224.661779999,84394.3
2020-01-26 00:00:00+00:00,1366160.201779999,83470.1
2020-01-27 00:00:00+00:00,1404633.0917799992,85830.40000000001
2020-01-28 00:00:00+00:00,1456755.601779999,89028.09999999999
2020-01-29 00:00:00+00:00,1535471.561779999,93857.29999999999
2020-01-30 00:00:00+00:00,1521109.6317799992,92976.20000000001
2020-01-31 00:00:00+00:00,1556296.441779999,95134.9
2020-02-01 00:00:00+00:00,1526415.281779999,93301.7
2020-02-02 00:00:00+00:00,1536110.521779999,93896.5
2020-02-03 00:00:00+00:00,1527769.811779999,93384.79999999999
2020-02-04 00:00:00+00:00,1521046.061779999,92972.29999999999
2020-02-05 00:00:00+00:00,1499973.421779999,91679.5
2020-02-06 00:00:00+00:00,1573020.241779999,96160.9
2020-02-07 00:00:00+00:00,1596942.1217799992,97628.5
2020-02-08 00:00:00+00:00,1606811.771779999,98234.0
2020-02-09 00:00:00+00:00,1623144.3717799992,99236.0
2020-02-10 00:00:00+00:00,1662820.201779999,101670.1
2020-02-11 00:00:00+00:00,1616040.8317799992,98800.20000000001
2020-02-12 00:00:00+00:00,1683206.611779999,102920.8
2020-02-13 00:00:00+00:00,1696839.9317799988,103757.2
2020-02-14 00:00:00+00:00,1675128.3317799992,102425.20000000001
2020-02-15 00:00:00+00:00,1697048.571779999,103770.0
2020-02-16 00:00:00+00:00,1620436.941779999,99069.9
2020-02-17 00:00:00+00:00,1634096.3417799992,99907.90000000001
2020-02-18 00:00:00+00:00,1590061.891779999,97206.4
2020-02-19 00:00:00+00:00,1665436.351779999,101830.59999999999
2020-02-20 00:00:00+00:00,1574099.301779999,96227.09999999999
2020-02-21 00:00:00+00:00,1569762.922179999,96299.0
2020-02-22 00:00:00+00:00,1557061.122179999,97073.5
2020-02-23 00:00:00+00:00,1560962.682179999,96835.59999999999
2020-02-24 00:00:00+00:00,1512838.5221799992,99770.0
2020-02-25 00:00:00+00:00,1465502.9091599989,96834.79999999999
2020-02-26 00:00:00+00:00,1514995.1010199988,93405.40000000001
2020-02-27 00:00:00+00:00,1596510.9410199989,88007.0
2020-02-28 00:00:00+00:00,1599295.3810199988,87822.6
2020-02-29 00:00:00+00:00,1605163.241019999,87434.0
2020-03-01 00:00:00+00:00,1632302.471019999,85636.7
2020-03-02 00:00:00+00:00,1634063.1310199988,85520.1
2020-03-03 00:00:00+00:00,1579179.161019999,89154.79999999999
2020-03-04 00:00:00+00:00,1600841.6210199988,87720.20000000001
2020-03-05 00:00:00+00:00,1602653.6210199988,87600.20000000001
2020-03-06 00:00:00+00:00,1557460.831019999,90593.09999999999
2020-03-07 00:00:00+00:00,1543123.3810199988,91542.6
2020-03-08 00:00:00+00:00,1581083.2710199987,89028.70000000001
2020-03-09 00:00:00+00:00,1711829.6410199988,80370.0
2020-03-10 00:00:00+00:00,1728127.071019999,79290.7
2020-03-11 00:00:00+00:00,1732214.641019999,79020.0
2020-03-12 00:00:00+00:00,1725348.6710199988,79474.7
2020-03-13 00:00:00+00:00,2220951.811019999,46653.3
2020-03-14 00:00:00+00:00,2629253.889399999,55598.5
2020-03-15 00:00:00+00:00,2451580.8993999986,51842.200000000004
2020-03-16 00:00:00+00:00,2529824.5593999987,53496.4
2020-03-17 00:00:00+00:00,2379060.5393999987,50309.0
2020-03-18 00:00:00+00:00,2556189.5793999988,54053.8
2020-03-19 00:00:00+00:00,2560337.7893999983,54141.5
2020-03-20 00:00:00+00:00,2929722.409399999,61950.9
2020-03-21 00:00:00+00:00,2934835.5393999983,62059.0
2020-03-22 00:00:00+00:00,2919193.429399999,61728.3
2020-03-23 00:00:00+00:00,2762606.7793999985,58417.799999999996
2020-03-24 00:00:00+00:00,3084067.0393999983,65214.0
2020-03-25 00:00:00+00:00,3199625.6693999986,67657.1
2020-03-26 00:00:00+00:00,3172967.389399999,67093.5
2020-03-27 00:00:00+00:00,3202700.1693999986,67722.1
2020-03-28 00:00:00+00:00,3011300.719399999,63675.600000000006
2020-03-29 00:00:00+00:00,3055548.984599999,62605.7
2020-03-30 00:00:00+00:00,3222169.464599999,59090.5
2020-03-31 00:00:00+00:00,2971086.924599999,64387.600000000006
2020-04-01 00:00:00+00:00,2971569.351879999,64526.7
2020-04-02 00:00:00+00:00,3072611.331879999,66718.5
2020-04-03 00:00:00+00:00,3145610.681879999,68302.0
2020-04-04 00:00:00+00:00,3110574.681879999,67542.0
2020-04-05 00:00:00+00:00,3171242.281879999,68858.0
2020-04-06 00:00:00+00:00,3132375.371879999,68014.9
2020-04-07 00:00:00+00:00,3362110.111879999,72998.3
2020-04-08 00:00:00+00:00,3323750.301879999,72166.2
2020-04-09 00:00:00+00:00,3397625.551879999,73768.7
2020-04-10 00:00:00+00:00,3365410.871879999,73069.9
2020-04-11 00:00:00+00:00,3162570.871879999,68669.9
2020-04-12 00:00:00+00:00,3173634.871879999,68909.9
2020-04-13 00:00:00+00:00,3215097.2118799994,69809.3
2020-04-14 00:00:00+00:00,3157970.0918799993,68570.1
2020-04-15 00:00:00+00:00,3164645.371879999,68714.9
2020-04-16 00:00:00+00:00,3057716.421879999,66395.4
2020-04-17 00:00:00+00:00,2834619.4364799988,71065.4
2020-04-18 00:00:00+00:00,2807213.131159999,70532.4
2020-04-19 00:00:00+00:00,2890367.271159999,72621.7
2020-04-20 00:00:00+00:00,2842344.591159999,71415.1
2020-04-21 00:00:00+00:00,2728739.471159999,68560.7
2020-04-22 00:00:00+00:00,2721697.8632999985,68600.20000000001
2020-04-23 00:00:00+00:00,2613684.573299999,71307.29999999999
2020-04-24 00:00:00+00:00,2735515.9229399995,74778.5
2020-04-25 00:00:00+00:00,2749358.042939999,75156.7
2020-04-26 00:00:00+00:00,2762028.962939999,75502.9
2020-04-27 00:00:00+00:00,2815724.8229399994,76970.0
2020-04-28 00:00:00+00:00,2850762.002939999,77927.29999999999
2020-04-29 00:00:00+00:00,2847640.022939999,77842.0
2020-04-30 00:00:00+00:00,3218958.002939999,87987.29999999999
2020-05-01 00:00:00+00:00,3154256.5229399996,86219.5
2020-05-02 00:00:00+00:00,3229487.8229399994,88275.0
2020-05-03 00:00:00+00:00,3289943.7029399993,89926.8
2020-05-04 00:00:00+00:00,3260594.1629399993,89124.9
2020-05-05 00:00:00+00:00,3260070.782939999,89110.59999999999
2020-05-06 00:00:00+00:00,3291305.222939999,89964.0
2020-05-07 00:00:00+00:00,3371741.042939999,92161.7
2020-05-08 00:00:00+00:00,3661188.4829399996,100070.1
2020-05-09 00:00:00+00:00,3592797.722939999,98201.5
2020-05-10 00:00:00+00:00,3499723.9229399995,95658.5
2020-05-11 00:00:00+00:00,3201719.402939999,87516.29999999999
2020-05-12 00:00:00+00:00,3149377.7429399993,86086.20000000001
2020-05-13 00:00:00+00:00,3220612.3229399994,88032.5
2020-05-14 00:00:00+00:00,3411587.4629399995,93250.40000000001
2020-05-15 00:00:00+00:00,3587666.402939999,98061.29999999999
2020-05-16 00:00:00+00:00,3399483.842939999,92919.7
2020-05-17 00:00:00+00:00,3434246.5229399996,93869.5
2020-05-18 00:00:00+00:00,3538486.9829399996,96717.6
2020-05-19 00:00:00+00:00,3560326.2029399993,97314.3
2020-05-20 00:00:00+00:00,3579409.442939999,97835.7
2020-05-21 00:00:00+00:00,3484015.2029399993,95229.3
2020-05-22 00:00:00+00:00,3318345.3029399994,90702.8
2020-05-23 00:00:00+00:00,3275502.60198,91692.09999999999
2020-05-24 00:00:00+00:00,3270393.2419799995,91831.7
2020-05-25 00:00:00+00:00,3424175.461979999,87630.0
2020-05-26 00:00:00+00:00,3370779.7219799994,89088.9
2020-05-27 00:00:00+00:00,3391956.481979999,88510.3
2020-05-28 00:00:00+00:00,3267648.2419799995,91906.7
2020-05-29 00:00:00+00:00,3129051.361979999,95693.5
2020-05-30 00:00:00+00:00,3078695.869779999,94340.1
2020-05-31 00:00:00+00:00,3164143.7297799992,96961.20000000001
2020-06-01 00:00:00+00:00,3091400.0897799986,94729.79999999999
2020-06-02 00:00:00+00:00,3333448.5697799986,102154.59999999999
2020-06-03 00:00:00+00:00,3109877.769779999,95296.6
2020-06-04 00:00:00+00:00,3153222.7297799992,96626.20000000001
2020-06-05 00:00:00+00:00,3202800.8097799993,98147.0
2020-06-06 00:00:00+00:00,3143240.609779999,96320.0
2020-06-07 00:00:00+00:00,3154895.109779999,96677.5
2020-06-08 00:00:00+00:00,3182080.249779999,97511.4
2020-06-09 00:00:00+00:00,3194875.749779999,97903.9
2020-06-10 00:00:00+00:00,3188486.149779999,97707.90000000001
2020-06-11 00:00:00+00:00,3231769.1697799987,99035.59999999999
2020-06-12 00:00:00+00:00,3037297.129779999,93070.20000000001
2020-06-13 00:00:00+00:00,2980863.4566999995,94610.0
2020-06-14 00:00:00+00:00,2976860.9766999995,94732.4
2020-06-15 00:00:00+00:00,3020280.0366999996,93404.59999999999
2020-06-16 00:00:00+00:00,2990722.5066999993,94308.5
2020-06-17 00:00:00+00:00,2958048.6666999995,95307.70000000001
2020-06-18 00:00:00+00:00,2980212.7266999995,94629.9
2020-06-19 00:00:00+00:00,3004400.9166999995,93890.20000000001
2020-06-20 00:00:00+00:00,3037957.6566999997,92864.0
2020-06-21 00:00:00+00:00,3012994.4766999995,93627.4
2020-06-22 00:00:00+00:00,3037954.3866999997,92864.1
2020-06-23 00:00:00+00:00,2902239.576699999,97014.40000000001
2020-06-24 00:00:00+00:00,2873611.050459999,96247.6
2020-06-25 00:00:00+00:00,2771188.4504599986,92810.59999999999
2020-06-26 00:00:00+00:00,2774394.3085599984,92517.70000000001
2020-06-27 00:00:00+00:00,2801235.5385599984,91620.0
2020-06-28 00:00:00+00:00,2846830.048559998,90095.1
2020-06-29 00:00:00+00:00,2810492.578559998,91310.40000000001
2020-06-30 00:00:00+00:00,2792929.318559998,91897.8
2020-07-01 00:00:00+00:00,2803944.4785599983,91529.40000000001
2020-07-02 00:00:00+00:00,2777479.988559998,92414.5
2020-07-03 00:00:00+00:00,2819591.1485599983,91006.1
2020-07-04 00:00:00+00:00,2828387.7285599983,90711.90000000001
2020-07-05 00:00:00+00:00,2807445.7685599984,91412.29999999999
2020-07-06 00:00:00+00:00,2822796.4285599985,90898.9
2020-07-07 00:00:00+00:00,2745092.3085599984,93497.70000000001
2020-07-08 00:00:00+00:00,2712047.6907399977,92579.0
2020-07-09 00:00:00+00:00,2652269.174419998,94438.6
2020-07-10 00:00:00+00:00,2591113.3328199983,92443.2
2020-07-11 00:00:00+00:00,2571855.0989799984,92943.79999999999
2020-07-12 00:00:00+00:00,2552337.8807399976,92422.2
2020-07-13 00:00:00+00:00,2531430.731699998,92996.0
2020-07-14 00:00:00+00:00,2512738.507919998,92491.90000000001
2020-07-15 00:00:00+00:00,2504019.5312799974,92630.0
2020-07-16 00:00:00+00:00,2483155.2471399973,92040.1
2020-07-17 00:00:00+00:00,2496041.2617399977,91378.9
2020-07-18 00:00:00+00:00,2490168.7617399977,91596.4
2020-07-19 00:00:00+00:00,2484401.5617399975,91810.0
2020-07-20 00:00:00+00:00,2473399.0617399975,92217.5
2020-07-21 00:00:00+00:00,2454866.7605799977,91707.5
2020-07-22 00:00:00+00:00,2388899.230579998,93985.7
2020-07-23 00:00:00+00:00,2420134.363539998,95434.3
2020-07-24 00:00:00+00:00,2437745.693539998,96130.40000000001
2020-07-25 00:00:00+00:00,2421996.443539998,95507.90000000001
2020-07-26 00:00:00+00:00,2460551.113539998,97031.8
2020-07-27 00:00:00+00:00,2522075.653539998,99463.6
2020-07-28 00:00:00+00:00,2796011.403539998,110291.1
2020-07-29 00:00:00+00:00,2771179.4535399973,109309.59999999999
2020-07-30 00:00:00+00:00,2815431.683539998,111058.70000000001
2020-07-31 00:00:00+00:00,2820689.0235399976,111266.5
2020-08-01 00:00:00+00:00,2877087.783539998,113495.7
2020-08-02 00:00:00+00:00,2997012.3135399977,118235.8
2020-08-03 00:00:00+00:00,2807424.2335399976,110742.2
2020-08-04 00:00:00+00:00,2854277.303539998,112594.1
2020-08-05 00:00:00+00:00,2839041.6435399977,111991.90000000001
2020-08-06 00:00:00+00:00,2979833.613539998,117556.8
2020-08-07 00:00:00+00:00,2985708.2735399976,117789.0
2020-08-08 00:00:00+00:00,2941929.153539998,116058.6
2020-08-09 00:00:00+00:00,2978611.6235399977,117508.5
2020-08-10 00:00:00+00:00,2961314.013539998,116824.79999999999
2020-08-11 00:00:00+00:00,3011792.573539998,118820.0
2020-08-12 00:00:00+00:00,2888814.3335399977,113959.2
2020-08-13 00:00:00+00:00,2935017.193539998,115785.40000000001
2020-08-14 00:00:00+00:00,2989890.363539998,117954.3
2020-08-15 00:00:00+00:00,2984602.663539998,117745.3
2020-08-16 00:00:00+00:00,3012483.263539998,118847.29999999999
2020-08-17 00:00:00+00:00,3020088.443539998,119147.90000000001
2020-08-18 00:00:00+00:00,3120711.6035399977,123125.1
2020-08-19 00:00:00+00:00,3032510.7435399974,119638.9
2020-08-20 00:00:00+00:00,2975332.7435399974,117378.9
2020-08-21 00:00:00+00:00,3011972.2035399973,118827.09999999999
2020-08-22 00:00:00+00:00,2918304.013539998,115124.79999999999
2020-08-23 00:00:00+00:00,2866988.1496999976,116915.0
2020-08-24 00:00:00+00:00,2873891.869699998,116643.2
2020-08-25 00:00:00+00:00,2846871.349699998,117707.0
2020-08-26 00:00:00+00:00,2742195.2951599983,113614.7
2020-08-27 00:00:00+00:00,2710145.3751399983,114700.3
2020-08-28 00:00:00+00:00,2748541.495139999,113107.09999999999
2020-08-29 00:00:00+00:00,2694747.8851399985,115339.2
2020-08-30 00:00:00+00:00,2703373.2751399986,114981.29999999999
2020-08-31 00:00:00+00:00,2653276.6051399987,117060.0
2020-09-01 00:00:00+00:00,2639509.2916599987,116684.59999999999
2020-09-02 00:00:00+00:00,2573582.176259999,119368.3
2020-09-03 00:00:00+00:00,2455795.6423599995,114126.4
2020-09-04 00:00:00+00:00,2693634.817159999,102836.0
2020-09-05 00:00:00+00:00,2650520.8671599994,104841.29999999999
2020-09-06 00:00:00+00:00,2724743.1671599993,101389.1
2020-09-07 00:00:00+00:00,2698360.5171599993,102616.20000000001
2020-09-08 00:00:00+00:00,2676544.4671599995,103630.9
2020-09-09 00:00:00+00:00,2727497.317159999,101261.0
2020-09-10 00:00:00+00:00,2706610.067159999,102232.5
2020-09-11 00:00:00+00:00,2679479.217159999,103494.40000000001
2020-09-12 00:00:00+00:00,2670563.1671599993,103909.1
2020-09-13 00:00:00+00:00,2657379.3671599994,104522.29999999999
2020-09-14 00:00:00+00:00,2683574.9671599995,103303.9
2020-09-15 00:00:00+00:00,2608744.217159999,106784.40000000001
2020-09-16 00:00:00+00:00,2584541.6671599993,107910.1
2020-09-17 00:00:00+00:00,2548524.8671599994,109585.3
2020-09-18 00:00:00+00:00,2541453.7033999995,109457.29999999999
2020-09-19 00:00:00+00:00,2537686.0233999994,109294.9
2020-09-20 00:00:00+00:00,2574021.8633999997,110861.1
2020-09-21 00:00:00+00:00,2537467.9433999993,109285.5
2020-09-22 00:00:00+00:00,2424117.3833999992,104399.7
2020-09-23 00:00:00+00:00,2396083.4777999995,105398.0
2020-09-24 00:00:00+00:00,2465476.9977999995,102406.90000000001
2020-09-25 00:00:00+00:00,2348943.3977999995,107429.9
2020-09-26 00:00:00+00:00,2335295.081,106973.3
2020-09-27 00:00:00+00:00,2347830.081,107548.3
2020-09-28 00:00:00+00:00,2352682.761,107770.9
2020-09-29 00:00:00+00:00,2338225.0009999997,107107.70000000001
2020-09-30 00:00:00+00:00,2368091.0009999997,108477.70000000001
2020-10-01 00:00:00+00:00,2353195.0609999998,107794.40000000001
2020-10-02 00:00:00+00:00,2318354.301,106196.20000000001
2020-10-03 00:00:00+00:00,2323164.2311999993,105771.90000000001
2020-10-04 00:00:00+00:00,2327652.8511999995,105566.0
2020-10-05 00:00:00+00:00,2301872.1711999993,106748.6
2020-10-06 00:00:00+00:00,2274155.6511999997,108020.0
2020-10-07 00:00:00+00:00,2229969.5511999996,106131.8
2020-10-08 00:00:00+00:00,2212593.6556,106747.09999999999
2020-10-09 00:00:00+00:00,2162472.9556,109133.79999999999
2020-10-10 00:00:00+00:00,2189827.83188,110740.5
2020-10-11 00:00:00+00:00,2236079.49188,113088.3
2020-10-12 00:00:00+00:00,2251829.64188,113887.8
2020-10-13 00:00:00+00:00,2283893.36188,115515.40000000001
2020-10-14 00:00:00+00:00,2261315.19188,114369.3
2020-10-15 00:00:00+00:00,2262219.4218800003,114415.20000000001
2020-10-16 00:00:00+00:00,2275148.53188,115071.5
2020-10-17 00:00:00+00:00,2240338.6318800002,113304.5
2020-10-18 00:00:00+00:00,2249832.06188,113786.4
2020-10-19 00:00:00+00:00,2275067.76188,115067.4
2020-10-20 00:00:00+00:00,2325355.95188,117620.1
2020-10-21 00:00:00+00:00,2358834.1318800002,119319.5
2020-10-22 00:00:00+00:00,2539979.5718799997,128514.7
2020-10-23 00:00:00+00:00,2567740.81188,129923.9
2020-10-24 00:00:00+00:00,2559076.75188,129484.1
2020-10-25 00:00:00+00:00,2595959.0918799997,131356.3
2020-10-26 00:00:00+00:00,2578831.91188,130486.90000000001
2020-10-27 00:00:00+00:00,2587115.76188,130907.4
2020-10-28 00:00:00+00:00,2724278.98188,137870.0
2020-10-29 00:00:00+00:00,2626931.43188,132928.5
2020-10-30 00:00:00+00:00,2660555.39188,134635.3
2020-10-31 00:00:00+00:00,2685527.11188,135902.90000000002
2020-11-01 00:00:00+00:00,2729952.58188,138158.0
2020-11-02 00:00:00+00:00,2717984.83188,137550.5
2020-11-03 00:00:00+00:00,2681149.77188,135680.7
2020-11-04 00:00:00+00:00,2768012.98188,140090.0
2020-11-05 00:00:00+00:00,2799095.64188,141667.80000000002
2020-11-06 00:00:00+00:00,3077052.79188,155777.3
2020-11-07 00:00:00+00:00,3079009.00188,155876.6
2020-11-08 00:00:00+00:00,2933014.27188,148465.7
2020-11-09 00:00:00+00:00,3063706.04188,155099.8
2020-11-10 00:00:00+00:00,3033222.26188,153552.4
2020-11-11 00:00:00+00:00,3022357.7118800003,153000.9
2020-11-12 00:00:00+00:00,3102779.02188,157083.2
2020-11-13 00:00:00+00:00,3158996.91188,159936.9
2020-11-14 00:00:00+00:00,3227379.55188,163408.1
2020-11-15 00:00:00+00:00,3182303.98188,161120.0
2020-11-16 00:00:00+00:00,3157700.6518800003,159871.1
2020-11-17 00:00:00+00:00,3306668.11188,167432.90000000002
2020-11-18 00:00:00+00:00,3494476.09188,176966.30000000002
2020-11-19 00:00:00+00:00,3524780.60188,178504.59999999998
2020-11-20 00:00:00+00:00,3524508.7418800006,178490.80000000002
2020-11-21 00:00:00+00:00,3684856.89188,186630.3
2020-11-22 00:00:00+00:00,3697226.52188,187258.2
2020-11-23 00:00:00+00:00,3638002.4118799996,184251.9
2020-11-24 00:00:00+00:00,3633402.4618800003,184018.4
2020-11-25 00:00:00+00:00,3780579.19188,191489.3
2020-11-26 00:00:00+00:00,3708737.23188,187842.5
2020-11-27 00:00:00+00:00,3373571.2818800006,170829.0
2020-11-28 00:00:00+00:00,3380870.1318800002,171199.5
2020-11-29 00:00:00+00:00,3501154.39188,177305.3
2020-11-30 00:00:00+00:00,3593054.89188,181970.3
2020-12-01 00:00:00+00:00,3882079.50188,196641.6
2020-12-02 00:00:00+00:00,3727467.9918800006,188793.30000000002
2020-12-03 00:00:00+00:00,3792929.1218799995,192116.19999999998
2020-12-04 00:00:00+00:00,3844261.4118799996,194721.9
2020-12-05 00:00:00+00:00,3701300.48188,187465.0
2020-12-06 00:00:00+00:00,3779186.40188,191418.6
2020-12-07 00:00:00+00:00,3820708.09188,193526.30000000002
2020-12-08 00:00:00+00:00,3791666.35188,192052.09999999998
2020-12-09 00:00:00+00:00,3617549.8718799995,183213.69999999998
2020-12-10 00:00:00+00:00,3599768.9000999993,183750.0
2020-12-11 00:00:00+00:00,3617778.640099999,182835.80000000002
2020-12-12 00:00:00+00:00,3660125.7600999996,180686.19999999998
2020-12-13 00:00:00+00:00,3512397.4300999995,188185.09999999998
2020-12-14 00:00:00+00:00,3570588.8283800003,191689.90000000002
2020-12-15 00:00:00+00:00,3591671.92838,192823.4
2020-12-16 00:00:00+00:00,3624638.5683800005,194595.80000000002
2020-12-17 00:00:00+00:00,3988073.26838,214135.3
2020-12-18 00:00:00+00:00,4254628.00838,228466.19999999998
2020-12-19 00:00:00+00:00,4311984.82838,231549.90000000002
2020-12-20 00:00:00+00:00,4447123.128380001,238815.40000000002
2020-12-21 00:00:00+00:00,4383040.54838,235370.09999999998
2020-12-22 00:00:00+00:00,4261000.36838,228808.80000000002
2020-12-23 00:00:00+00:00,4435118.68838,238170.0
2020-12-24 00:00:00+00:00,4327006.18838,232357.5
2020-12-25 00:00:00+00:00,4419762.52838,237344.4
2020-12-26 00:00:00+00:00,4593090.34838,246663.1
2020-12-27 00:00:00+00:00,4922619.10838,264379.7
2020-12-28 00:00:00+00:00,4903814.50838,263368.69999999995
2020-12-29 00:00:00+00:00,5044633.24838,270939.6
2020-12-30 00:00:00+00:00,5101826.38838,274014.5
2020-12-31 00:00:00+00:00,5369761.24838,288419.6
2021-01-01 00:00:00+00:00,5407984.24838,290474.6
2021-01-02 00:00:00+00:00,5472695.50838,293953.7
2021-01-03 00:00:00+00:00,5984301.528379999,321459.39999999997
2021-01-04 00:00:00+00:00,6122886.40838,328910.19999999995
2021-01-05 00:00:00+00:00,5951639.9283799995,319703.4
2021-01-06 00:00:00+00:00,6346385.868379999,340926.3
2021-01-07 00:00:00+00:00,6855888.22838,368318.9
2021-01-08 00:00:00+00:00,6854772.22838,395812.60000000003
2021-01-09 00:00:00+00:00,6854772.22838,407398.39999999997
2021-01-10 00:00:00+00:00,6854772.22838,402970.0
2021-01-11 00:00:00+00:00,6854772.22838,383870.0
2021-01-12 00:00:00+00:00,6854772.22838,356655.3
2021-01-13 00:00:00+00:00,6854772.22838,339353.7
2021-01-14 00:00:00+00:00,6854772.22838,373754.5
2021-01-15 00:00:00+00:00,6854772.22838,391949.3
2021-01-16 00:00:00+00:00,6854772.22838,366988.9
2021-01-17 00:00:00+00:00,6854772.22838,362209.5
2021-01-18 00:00:00+00:00,6854772.22838,357629.5
2021-01-19 00:00:00+00:00,6854772.22838,367070.10000000003
2021-01-20 00:00:00+00:00,6854772.22838,361469.0
2021-01-21 00:00:00+00:00,6854772.22838,356498.0
2021-01-22 00:00:00+00:00,6854772.22838,306947.8
2021-01-23 00:00:00+00:00,6346560.7677,329071.9
2021-01-24 00:00:00+00:00,6530290.4677,320832.9
2021-01-25 00:00:00+00:00,6481257.227700001,323031.69999999995
2021-01-26 00:00:00+00:00,6472961.627700001,323403.7
2021-01-27 00:00:00+00:00,6413628.017700001,326064.39999999997
2021-01-28 00:00:00+00:00,6894224.2377,304513.0
2021-01-29 00:00:00+00:00,6263439.7477,332799.3
2021-01-30 00:00:00+00:00,6060188.6277,341913.7
2021-01-31 00:00:00+00:00,6020668.567700001,343685.89999999997
2021-02-01 00:00:00+00:00,6274210.647700001,332316.3
2021-02-02 00:00:00+00:00,6211175.2376999995,335143.0
2021-02-03 00:00:00+00:00,5755193.757700001,355590.6
2021-02-04 00:00:00+00:00,6065826.49438,375595.6
2021-02-05 00:00:00+00:00,5976901.364380001,370072.30000000005
2021-02-06 00:00:00+00:00,6166032.89438,381819.6
2021-02-07 00:00:00+00:00,6358015.734380001,393744.0
2021-02-08 00:00:00+00:00,6288417.044380001,389421.1
2021-02-09 00:00:00+00:00,7484919.134380002,463738.0
2021-02-10 00:00:00+00:00,7522984.364380001,466102.30000000005
2021-02-11 00:00:00+00:00,7246833.944380001,448950.10000000003
2021-02-12 00:00:00+00:00,7711877.614380001,477834.80000000005
2021-02-13 00:00:00+00:00,7686140.154380001,476236.2
2021-02-14 00:00:00+00:00,7611482.844380002,471599.10000000003
2021-02-15 00:00:00+00:00,7874801.564380001,487954.3
2021-02-16 00:00:00+00:00,7740439.0143800005,479608.8
2021-02-17 00:00:00+00:00,7946890.924380001,492431.9
2021-02-18 00:00:00+00:00,8425378.09438,522151.60000000003
2021-02-19 00:00:00+00:00,8342136.2643800005,516981.3
2021-02-20 00:00:00+00:00,9015344.884380002,558795.5
2021-02-21 00:00:00+00:00,9051711.564380001,561054.3
2021-02-22 00:00:00+00:00,9277934.27438,575105.4
2021-02-23 00:00:00+00:00,8777774.89438,544039.6
2021-02-24 00:00:00+00:00,7842213.55438,485930.19999999995
2021-02-25 00:00:00+00:00,8005567.37438,496076.4
2021-02-26 00:00:00+00:00,7606522.43438,471291.0
2021-02-27 00:00:00+00:00,7733851.82818,462439.89999999997
2021-02-28 00:00:00+00:00,7735551.98818,462334.3
2021-03-01 00:00:00+00:00,7936228.82818,449869.89999999997
2021-03-02 00:00:00+00:00,7193397.36818,496008.5
2021-03-03 00:00:00+00:00,6993089.379380001,483090.10000000003
2021-03-04 00:00:00+00:00,6652419.996480001,505618.5
2021-03-05 00:00:00+00:00,6376070.347900002,485381.1
2021-03-06 00:00:00+00:00,6318255.316180001,488862.8
2021-03-07 00:00:00+00:00,6312009.236180001,489339.6
2021-03-08 00:00:00+00:00,5984044.18618,514375.10000000003
2021-03-09 00:00:00+00:00,6074006.13442,523205.3
2021-03-10 00:00:00+00:00,6362646.6144199995,548088.1
2021-03-11 00:00:00+00:00,6500505.6544200005,559972.5
2021-03-12 00:00:00+00:00,6709218.6544200005,577965.0
2021-03-13 00:00:00+00:00,6648846.45442,572760.5
2021-03-14 00:00:00+00:00,7114563.25442,612908.5
2021-03-15 00:00:00+00:00,6897671.09442,594210.8999999999
2021-03-16 00:00:00+00:00,6472797.89442,557583.9
2021-03-17 00:00:00+00:00,6569554.6544200005,565925.0
2021-03-18 00:00:00+00:00,6817680.97442,587315.2
2021-03-19 00:00:00+00:00,6698087.29442,577005.4
2021-03-20 00:00:00+00:00,6739882.09442,580608.3999999999
2021-03-21 00:00:00+00:00,6755674.33442,581969.8
2021-03-22 00:00:00+00:00,6671476.89442,574711.4
2021-03-23 00:00:00+00:00,6303724.41442,543008.6
2021-03-24 00:00:00+00:00,6257542.830820002,545897.7
2021-03-25 00:00:00+00:00,6490528.830820002,525812.7
2021-03-26 00:00:00+00:00,6617552.310820001,514862.39999999997
2021-03-27 00:00:00+00:00,6205586.430820001,550376.7
2021-03-28 00:00:00+00:00,6096625.310820001,559769.9
2021-03-29 00:00:00+00:00,6064096.710820001,557877.6
2021-03-30 00:00:00+00:00,5849502.706660001,576631.8
2021-03-31 00:00:00+00:00,5948214.818299999,587558.3999999999
2021-04-01 00:00:00+00:00,5949171.2883,587653.1
2021-04-02 00:00:00+00:00,5948496.6083,587586.2999999999
2021-04-03 00:00:00+00:00,5971207.4683,589834.9
2021-04-04 00:00:00+00:00,5787835.9083,571679.3
2021-04-05 00:00:00+00:00,5892804.1983,582072.2
2021-04-06 00:00:00+00:00,5949130.888300001,587649.1000000001
2021-04-07 00:00:00+00:00,5879817.6183,580786.4
2021-04-08 00:00:00+00:00,5680782.978300001,561080.0
2021-04-09 00:00:00+00:00,5475643.6983199995,580268.6
2021-04-10 00:00:00+00:00,5474255.272759999,581281.5
2021-04-11 00:00:00+00:00,5497280.572759999,583731.0
2021-04-12 00:00:00+00:00,5651770.512759999,600166.1
2021-04-13 00:00:00+00:00,5631816.19276,598043.3
2021-04-14 00:00:00+00:00,5985655.69276,635685.8
2021-04-15 00:00:00+00:00,5897947.11276,626355.1
2021-04-16 00:00:00+00:00,5955151.75276,632440.7
2021-04-17 00:00:00+00:00,5802795.61276,616232.6
2021-04-18 00:00:00+00:00,5664800.79276,601552.3
2021-04-19 00:00:00+00:00,5293667.1727599995,562070.0
2021-04-20 00:00:00+00:00,5332566.25276,556807.8
2021-04-21 00:00:00+00:00,5262137.69276,564300.2
2021-04-22 00:00:00+00:00,5505506.512759999,538409.9
2021-04-23 00:00:00+00:00,5697588.932759999,517975.6
2021-04-24 00:00:00+00:00,5764757.572759999,510830.0
2021-04-25 00:00:00+00:00,5861536.21276,500534.4
2021-04-26 00:00:00+00:00,5954731.572759999,490620.0
2021-04-27 00:00:00+00:00,5489900.6327599995,540070.1
2021-04-28 00:00:00+00:00,5391503.312759999,550537.9
2021-04-29 00:00:00+00:00,5413108.27276,548239.5
2021-04-30 00:00:00+00:00,5527045.6727599995,536118.5
2021-05-01 00:00:00+00:00,5124692.77276,578922.0
2021-05-02 00:00:00+00:00,5111406.49756,578569.9
2021-05-03 00:00:00+00:00,5003082.0175600005,566260.3
2021-05-04 00:00:00+00:00,5060795.93756,572818.7000000001
2021-05-05 00:00:00+00:00,4716182.65756,533658.1
2021-05-06 00:00:00+00:00,4351891.025239999,573987.9
2021-05-07 00:00:00+00:00,4273330.56324,564889.2
2021-05-08 00:00:00+00:00,4341618.06324,573994.2
2021-05-09 00:00:00+00:00,4448209.563240001,588206.4
2021-05-10 00:00:00+00:00,4405068.06324,582454.2
2021-05-11 00:00:00+00:00,4222552.56324,558118.7999999999
2021-05-12 00:00:00+00:00,4297299.813240001,568085.1
2021-05-13 00:00:00+00:00,3806774.3132400005,502681.69999999995
2021-05-14 00:00:00+00:00,3818753.24424,496868.30000000005
2021-05-15 00:00:00+00:00,3797616.74424,499686.5
2021-05-16 00:00:00+00:00,4033967.2442400004,468173.1
2021-05-17 00:00:00+00:00,4064163.74424,464146.9
2021-05-18 00:00:00+00:00,4276578.744240001,435824.89999999997
2021-05-19 00:00:00+00:00,4276141.49424,429315.6
2021-05-20 00:00:00+00:00,4276141.49424,369465.7
2021-05-21 00:00:00+00:00,4276141.49424,405506.4
2021-05-22 00:00:00+00:00,4276141.49424,372797.0
2021-05-23 00:00:00+00:00,4276141.49424,376328.6
2021-05-24 00:00:00+00:00,4276141.49424,349253.1
2021-05-25 00:00:00+00:00,4276141.49424,386646.2
2021-05-26 00:00:00+00:00,4276141.49424,382070.10000000003
2021-05-27 00:00:00+00:00,4276141.49424,392477.5
2021-05-28 00:00:00+00:00,4276141.49424,385070.0
2021-05-29 00:00:00+00:00,4276141.49424,356828.5
2021-05-30 00:00:00+00:00,4276141.49424,346168.2
2021-05-31 00:00:00+00:00,4276141.49424,356428.0
2021-06-01 00:00:00+00:00,4276141.49424,373261.3
2021-06-02 00:00:00+00:00,4276141.49424,366276.1
2021-06-03 00:00:00+00:00,4276141.49424,376566.60000000003
2021-06-04 00:00:00+00:00,4276141.49424,391638.0
2021-06-05 00:00:00+00:00,4276141.49424,369485.19999999995
2021-06-06 00:00:00+00:00,4276141.49424,355320.80000000005
2021-06-07 00:00:00+00:00,4276141.49424,357660.5
2021-06-08 00:00:00+00:00,4276141.49424,334595.3
2021-06-09 00:00:00+00:00,4276141.49424,334222.5
2021-06-10 00:00:00+00:00,4276141.49424,373800.3
2021-06-11 00:00:00+00:00,4211424.1434,368870.80000000005
2021-06-12 00:00:00+00:00,4246128.0234,371915.0
2021-06-13 00:00:00+00:00,4056071.7834,355243.39999999997
2021-06-14 00:00:00+00:00,3646296.17736,390460.10000000003
2021-06-15 00:00:00+00:00,3773794.7114999997,404950.4
2021-06-16 00:00:00+00:00,3749449.1715,402332.60000000003
2021-06-17 00:00:00+00:00,3568008.9614999997,382822.9
2021-06-18 00:00:00+00:00,3550785.3614999996,380970.89999999997
2021-06-19 00:00:00+00:00,3324451.2615,356633.9
2021-06-20 00:00:00+00:00,3321962.3211,356188.6
2021-06-21 00:00:00+00:00,3320176.7211,356380.6
2021-06-22 00:00:00+00:00,3690608.7411,316549.19999999995
2021-06-23 00:00:00+00:00,3624952.6010999996,323609.0
2021-06-24 00:00:00+00:00,3502163.7711,336812.1
2021-06-25 00:00:00+00:00,3417779.2911,345885.7
2021-06-26 00:00:00+00:00,3683401.2411,317324.19999999995
2021-06-27 00:00:00+00:00,3667818.1611,318999.8
2021-06-28 00:00:00+00:00,3410627.5911,346654.7
2021-06-29 00:00:00+00:00,3430014.3710999996,344570.10000000003
2021-06-30 00:00:00+00:00,3301222.3910999997,358418.7
2021-07-01 00:00:00+00:00,3224666.28888,350770.0
2021-07-02 00:00:00+00:00,3354489.32888,335957.39999999997
2021-07-03 00:00:00+00:00,3330169.12888,338600.89999999997
2021-07-04 00:00:00+00:00,3252417.16888,347052.2
2021-07-05 00:00:00+00:00,3195874.88888,353198.1
2021-07-06 00:00:00+00:00,3049425.76308,337713.2
2021-07-07 00:00:00+00:00,3013495.5526799997,341189.19999999995
2021-07-08 00:00:00+00:00,3036288.0526799997,338656.69999999995
2021-07-09 00:00:00+00:00,3126694.8526799995,328611.5
2021-07-10 00:00:00+00:00,3035137.85268,338784.5
2021-07-11 00:00:00+00:00,3065741.452679999,335384.10000000003
2021-07-12 00:00:00+00:00,3000252.0526799997,342660.7
2021-07-13 00:00:00+00:00,2906326.305659999,332481.8
2021-07-14 00:00:00+00:00,2957775.7966799983,325845.1
2021-07-15 00:00:00+00:00,2940352.306679998,327847.8
2021-07-16 00:00:00+00:00,3040084.7566799982,316384.3
2021-07-17 00:00:00+00:00,3059913.7966799983,314105.1
2021-07-18 00:00:00+00:00,3044883.676679998,315832.7
2021-07-19 00:00:00+00:00,3024840.616679998,318136.5
2021-07-20 00:00:00+00:00,3108369.3166799983,308535.5
2021-07-21 00:00:00+00:00,3201442.786679998,297837.4
2021-07-22 00:00:00+00:00,2993921.686679998,321690.4
2021-07-23 00:00:00+00:00,2979177.7966799983,323385.1
2021-07-24 00:00:00+00:00,2875311.976679998,335323.7
2021-07-25 00:00:00+00:00,2931434.035479998,342596.60000000003
2021-07-26 00:00:00+00:00,3017811.035479998,352758.6
2021-07-27 00:00:00+00:00,3193305.435479998,373405.0
2021-07-28 00:00:00+00:00,3358134.035479998,392796.60000000003
2021-07-29 00:00:00+00:00,3422019.185479998,400312.5
2021-07-30 00:00:00+00:00,3423118.2354799984,400441.8
2021-07-31 00:00:00+00:00,3601639.4854799984,421444.3
2021-08-01 00:00:00+00:00,3564227.585479998,417042.9
2021-08-02 00:00:00+00:00,3428457.935479998,401070.0
2021-08-03 00:00:00+00:00,3349196.285479998,391745.10000000003
2021-08-04 00:00:00+00:00,3264548.185479998,381786.5
2021-08-05 00:00:00+00:00,3398763.185479998,397576.5
2021-08-06 00:00:00+00:00,3489403.785479998,408240.10000000003
2021-08-07 00:00:00+00:00,3660601.435479998,428381.0
2021-08-08 00:00:00+00:00,3819432.4354799977,447067.0
2021-08-09 00:00:00+00:00,3739997.385479998,437721.69999999995
2021-08-10 00:00:00+00:00,3958857.085479998,463469.89999999997
2021-08-11 00:00:00+00:00,3894815.5354799978,455935.6
2021-08-12 00:00:00+00:00,3904641.535479998,457091.60000000003
2021-08-13 00:00:00+00:00,3799180.335479998,444684.4
2021-08-14 00:00:00+00:00,4086144.585479998,478444.89999999997
2021-08-15 00:00:00+00:00,4023761.385479998,471105.7
2021-08-16 00:00:00+00:00,4020263.635479998,470694.19999999995
2021-08-17 00:00:00+00:00,3919309.9854799984,458817.30000000005
2021-08-18 00:00:00+00:00,3807654.835479998,445681.4
2021-08-19 00:00:00+00:00,3830403.385479998,448357.69999999995
2021-08-20 00:00:00+00:00,3985558.985479998,466611.3
2021-08-21 00:00:00+00:00,4209670.835479998,492977.39999999997
2021-08-22 00:00:00+00:00,4184184.435479998,489979.0
2021-08-23 00:00:00+00:00,4210457.085479998,493069.89999999997
2021-08-24 00:00:00+00:00,4228291.785479998,495168.1
2021-08-25 00:00:00+00:00,4071686.085479998,476743.9
2021-08-26 00:00:00+00:00,4181699.035479998,489686.60000000003
2021-08-27 00:00:00+00:00,4021029.4854799984,470784.3
2021-08-28 00:00:00+00:00,4188599.335479998,490498.39999999997
2021-08-29 00:00:00+00:00,4175606.2354799984,488969.80000000005
2021-08-30 00:00:00+00:00,4178106.085479998,489263.9
2021-08-31 00:00:00+00:00,4014923.085479998,470065.89999999997
2021-09-01 00:00:00+00:00,3982886.073779999,472763.5
2021-09-02 00:00:00+00:00,3850801.1737799984,488302.9
2021-09-03 00:00:00+00:00,3884165.339619999,493453.7
2021-09-04 00:00:00+00:00,3940046.0996199986,500617.9
2021-09-05 00:00:00+00:00,3932625.1796199987,499666.5
2021-09-06 00:00:00+00:00,4072389.4796199985,517585.0
2021-09-07 00:00:00+00:00,4142859.3596199984,526619.6
2021-09-08 00:00:00+00:00,3683871.4796199985,467775.0
2021-09-09 00:00:00+00:00,3736324.485939998,460060.5
2021-09-10 00:00:00+00:00,3712849.6059399983,463070.10000000003
2021-09-11 00:00:00+00:00,3825544.0059399987,448622.1
2021-09-12 00:00:00+00:00,3805869.285939999,451144.5
2021-09-13 00:00:00+00:00,3732621.825939999,460535.19999999995
2021-09-14 00:00:00+00:00,3813864.285939999,450119.5
2021-09-15 00:00:00+00:00,3655064.865939999,470478.39999999997
2021-09-16 00:00:00+00:00,3570090.1059399983,481372.60000000003
2021-09-17 00:00:00+00:00,3538534.1794199985,478085.89999999997
2021-09-18 00:00:00+00:00,3572721.994419999,472503.1
2021-09-19 00:00:00+00:00,3500504.6544199986,482262.2
2021-09-20 00:00:00+00:00,3423451.145939999,472462.8
2021-09-21 00:00:00+00:00,3722960.0737799993,429871.8
2021-09-22 00:00:00+00:00,3889406.793779999,406754.19999999995
2021-09-23 00:00:00+00:00,3676099.5937799993,436380.19999999995
2021-09-24 00:00:00+00:00,3586376.0737799993,448841.8
2021-09-25 00:00:00+00:00,3739566.873779999,427565.3
2021-09-26 00:00:00+00:00,3739277.4337799987,427605.5
2021-09-27 00:00:00+00:00,3704939.193779999,432374.7
2021-09-28 00:00:00+00:00,3768983.193779999,423479.7
2021-09-29 00:00:00+00:00,3862002.873779999,410560.3
2021-09-30 00:00:00+00:00,3826056.153779999,415552.9
2021-10-01 00:00:00+00:00,3665264.313779999,437885.10000000003
2021-10-02 00:00:00+00:00,3354553.353779999,481039.4
2021-10-03 00:00:00+00:00,3325287.4606799996,477719.19999999995
2021-10-04 00:00:00+00:00,3353540.8906799997,481813.9
2021-10-05 00:00:00+00:00,3424532.92068,492102.60000000003
2021-10-06 00:00:00+00:00,3589907.9806799996,516070.0
2021-10-07 00:00:00+00:00,3855177.7906799996,554514.9
2021-10-08 00:00:00+00:00,3740205.85068,537852.3
2021-10-09 00:00:00+00:00,3747784.1206799997,538950.6
2021-10-10 00:00:00+00:00,3829622.26068,550811.2000000001
2021-10-11 00:00:00+00:00,3798539.1406799997,546306.4
2021-10-12 00:00:00+00:00,3991512.1306799995,574273.5
2021-10-13 00:00:00+00:00,3896577.7906799996,560514.9
2021-10-14 00:00:00+00:00,3988494.07068,573836.1
2021-10-15 00:00:00+00:00,3987376.27068,573674.1000000001
2021-10-16 00:00:00+00:00,4276702.93068,615605.5
2021-10-17 00:00:00+00:00,4229985.79068,608834.9
2021-10-18 00:00:00+00:00,4277617.87068,615738.1
2021-10-19 00:00:00+00:00,4306595.800679999,619937.8
2021-10-20 00:00:00+00:00,4463370.70068,642658.7999999999
2021-10-21 00:00:00+00:00,4584035.83068,660146.5
2021-10-22 00:00:00+00:00,4327495.90068,622966.8
2021-10-23 00:00:00+00:00,4218969.25068,607238.3
2021-10-24 00:00:00+00:00,4258851.25068,613018.3
2021-10-25 00:00:00+00:00,4227385.87068,608458.1
2021-10-26 00:00:00+00:00,4376252.68068,630033.0
2021-10-27 00:00:00+00:00,4200025.300679999,604492.8
2021-10-28 00:00:00+00:00,4084088.74068,587690.4
2021-10-29 00:00:00+00:00,3956850.6706799995,604714.9
2021-10-30 00:00:00+00:00,4066003.28698,622716.9
2021-10-31 00:00:00+00:00,4028994.88698,617023.3
2021-11-01 00:00:00+00:00,4006088.88698,613499.3
2021-11-02 00:00:00+00:00,3988938.63698,610860.8
2021-11-03 00:00:00+00:00,4123694.6869799998,631592.5
2021-11-04 00:00:00+00:00,4113609.2869799994,630040.8999999999
2021-11-05 00:00:00+00:00,4011012.63698,614256.8
2021-11-06 00:00:00+00:00,4025635.71038,610801.5
2021-11-07 00:00:00+00:00,3998095.21038,615038.5
2021-11-08 00:00:00+00:00,3884140.46038,632570.0
2021-11-09 00:00:00+00:00,4141389.7016000003,676006.7999999999
2021-11-10 00:00:00+00:00,4100301.321600001,669271.0
2021-11-11 00:00:00+00:00,3981750.8716000007,649836.5
2021-11-12 00:00:00+00:00,3972250.1216000007,648279.0
2021-11-13 00:00:00+00:00,3938084.6316000004,642678.1
2021-11-14 00:00:00+00:00,3949882.0316000003,644612.1
2021-11-15 00:00:00+00:00,4002249.3116000006,653196.9
2021-11-16 00:00:00+00:00,3910411.9816000005,638141.6000000001
2021-11-17 00:00:00+00:00,3693373.3716000007,602561.5
2021-11-18 00:00:00+00:00,3677129.7853000006,604019.4
2021-11-19 00:00:00+00:00,3898235.875300001,567772.5
2021-11-20 00:00:00+00:00,3815049.565300001,581409.6
2021-11-21 00:00:00+00:00,3707321.125300001,599070.0
2021-11-22 00:00:00+00:00,3780838.3253000006,587018.0
2021-11-23 00:00:00+00:00,3919896.9753000005,564221.5
2021-11-24 00:00:00+00:00,3919896.9753000005,564221.5
